John,M,US 1920," "
William,M,US 1920," "
Robert,M,US 1920," "
James,M,US 1920," "
Charles,M,US 1920," "
George,M,US 1920," "
Joseph,M,US 1920," "
Edward,M,US 1920," "
Frank,M,US 1920," "
Richard,M,US 1920," "
Thomas,M,US 1920," "
Harold,M,US 1920," "
Walter,M,US 1920," "
Paul,M,US 1920," "
Raymond,M,US 1920," "
Donald,M,US 1920," "
Henry,M,US 1920," "
Arthur,M,US 1920," "
Albert,M,US 1920," "
Jack,M,US 1920," "
Harry,M,US 1920," "
Ralph,M,US 1920," "
Kenneth,M,US 1920," "
Howard,M,US 1920," "
David,M,US 1920," "
Clarence,M,US 1920," "
Carl,M,US 1920," "
Louis,M,US 1920," "
Willie,M,US 1920," "
Eugene,M,US 1920," "
Earl,M,US 1920," "
Roy,M,US 1920," "
Fred,M,US 1920," "
Francis,M,US 1920," "
Joe,M,US 1920," "
Lawrence,M,US 1920," "
Ernest,M,US 1920," "
Leonard,M,US 1920," "
Warren,M,US 1920," "
Stanley,M,US 1920," "
Herbert,M,US 1920," "
Alfred,M,US 1920," "
Anthony,M,US 1920," "
Samuel,M,US 1920," "
Elmer,M,US 1920," "
Bernard,M,US 1920," "
Norman,M,US 1920," "
Leo,M,US 1920," "
Andrew,M,US 1920," "
Michael,M,US 1920," "
Russell,M,US 1920," "
Daniel,M,US 1920," "
Edwin,M,US 1920," "
Melvin,M,US 1920," "
Chester,M,US 1920," "
Leroy,M,US 1920," "
Peter,M,US 1920," "
Lloyd,M,US 1920," "
Clifford,M,US 1920," "
Frederick,M,US 1920," "
Floyd,M,US 1920," "
Marvin,M,US 1920," "
Theodore,M,US 1920," "
Gerald,M,US 1920," "
Vernon,M,US 1920," "
Herman,M,US 1920," "
Ray,M,US 1920," "
Lester,M,US 1920," "
Clyde,M,US 1920," "
Charlie,M,US 1920," "
Philip,M,US 1920," "
Lewis,M,US 1920," "
Vincent,M,US 1920," "
Milton,M,US 1920," "
Leon,M,US 1920," "
Alvin,M,US 1920," "
Cecil,M,US 1920," "
Martin,M,US 1920," "
Jesse,M,US 1920," "
Glenn,M,US 1920," "
Victor,M,US 1920," "
Lee,M,US 1920," "
Benjamin,M,US 1920," "
Sam,M,US 1920," "
Gordon,M,US 1920," "
Wayne,M,US 1920," "
Harvey,M,US 1920," "
Willard,M,US 1920," "
Edgar,M,US 1920," "
Oscar,M,US 1920," "
Arnold,M,US 1920," "
Claude,M,US 1920," "
Wallace,M,US 1920," "
Allen,M,US 1920," "
Everett,M,US 1920," "
Stephen,M,US 1920," "
Gilbert,M,US 1920," "
Wilbur,M,US 1920," "
Johnnie,M,US 1920," "
Homer,M,US 1920," "
Virgil,M,US 1920," "
Maurice,M,US 1920," "
Roger,M,US 1920," "
Eddie,M,US 1920," "
Dale,M,US 1920," "
Douglas,M,US 1920," "
Sidney,M,US 1920," "
Morris,M,US 1920," "
Marion,M,US 1920," "
Leslie,M,US 1920," "
Jessie,M,US 1920," "
Max,M,US 1920," "
Hubert,M,US 1920," "
Roland,M,US 1920," "
Hugh,M,US 1920," "
Irving,M,US 1920," "
Alexander,M,US 1920," "
Manuel,M,US 1920," "
Franklin,M,US 1920," "
Curtis,M,US 1920," "
Bill,M,US 1920," "
Glen,M,US 1920," "
Luther,M,US 1920," "
Nicholas,M,US 1920," "
Julius,M,US 1920," "
Steve,M,US 1920," "
Jerome,M,US 1920," "
Horace,M,US 1920," "
Wesley,M,US 1920," "
Jose,M,US 1920," "
Tom,M,US 1920," "
Billy,M,US 1920," "
Willis,M,US 1920," "
Orville,M,US 1920," "
Oliver,M,US 1920," "
Tony,M,US 1920," "
Ben,M,US 1920," "
Edmund,M,US 1920," "
Calvin,M,US 1920," "
Earnest,M,US 1920," "
Mike,M,US 1920," "
Alex,M,US 1920," "
Jacob,M,US 1920," "
Jerry,M,US 1920," "
Archie,M,US 1920," "
Otis,M,US 1920," "
Jimmie,M,US 1920," "
Don,M,US 1920," "
Bruce,M,US 1920," "
Delbert,M,US 1920," "
Matthew,M,US 1920," "
Lyle,M,US 1920," "
Clayton,M,US 1920," "
Guy,M,US 1920," "
Angelo,M,US 1920," "
Clifton,M,US 1920," "
Clinton,M,US 1920," "
Salvatore,M,US 1920," "
Patrick,M,US 1920," "
Wilbert,M,US 1920," "
Bennie,M,US 1920," "
Marshall,M,US 1920," "
Ervin,M,US 1920," "
Phillip,M,US 1920," "
Nathaniel,M,US 1920," "
Emil,M,US 1920," "
Jim,M,US 1920," "
Ronald,M,US 1920," "
Ira,M,US 1920," "
Rudolph,M,US 1920," "
Merle,M,US 1920," "
Nathan,M,US 1920," "
Gene,M,US 1920," "
Sylvester,M,US 1920," "
Wilfred,M,US 1920," "
Keith,M,US 1920," "
Leland,M,US 1920," "
Forrest,M,US 1920," "
Ivan,M,US 1920," "
Dean,M,US 1920," "
Elbert,M,US 1920," "
Irvin,M,US 1920," "
Woodrow,M,US 1920," "
Johnny,M,US 1920," "
Dan,M,US 1920," "
Nelson,M,US 1920," "
Lonnie,M,US 1920," "
Rufus,M,US 1920," "
Isaac,M,US 1920," "
Bob,M,US 1920," "
Antonio,M,US 1920," "
Johnie,M,US 1920," "
Nick,M,US 1920," "
Junior,M,US 1920," "
Julian,M,US 1920," "
Grover,M,US 1920," "
Alton,M,US 1920," "
Lowell,M,US 1920," "
Aaron,M,US 1920," "
Felix,M,US 1920," "
Jay,M,US 1920," "
Seymour,M,US 1920," "
Abraham,M,US 1920," "
Ellis,M,US 1920," "
Pete,M,US 1920," "
Otto,M,US 1920," "
Dennis,M,US 1920," "
Dewey,M,US 1920," "
Emmett,M,US 1920," "
Rex,M,US 1920," "
Carroll,M,US 1920," "
August,M,US 1920," "
Juan,M,US 1920," "
Roscoe,M,US 1920," "
Grady,M,US 1920," "
Percy,M,US 1920," "
Owen,M,US 1920," "
Bert,M,US 1920," "
Mark,M,US 1920," "
Elwood,M,US 1920," "
Loyd,M,US 1920," "
Wilson,M,US 1920," "
Adam,M,US 1920," "
Byron,M,US 1920," "
Dominick,M,US 1920," "
Fredrick,M,US 1920," "
Malcolm,M,US 1920," "
Laurence,M,US 1920," "
Myron,M,US 1920," "
Ross,M,US 1920," "
Ted,M,US 1920," "
Wendell,M,US 1920," "
Perry,M,US 1920," "
Dominic,M,US 1920," "
Mack,M,US 1920," "
Allan,M,US 1920," "
Loren,M,US 1920," "
Jesus,M,US 1920," "
Billie,M,US 1920," "
Murray,M,US 1920," "
Adolph,M,US 1920," "
Troy,M,US 1920," "
Eldon,M,US 1920," "
Norbert,M,US 1920," "
Karl,M,US 1920," "
Amos,M,US 1920," "
Neil,M,US 1920," "
Charley,M,US 1920," "
Sherman,M,US 1920," "
Harley,M,US 1920," "
Preston,M,US 1920," "
Aubrey,M,US 1920," "
Austin,M,US 1920," "
Reuben,M,US 1920," "
Erwin,M,US 1920," "
Boyd,M,US 1920," "
Duane,M,US 1920," "
Freddie,M,US 1920," "
Wilmer,M,US 1920," "
Carlton,M,US 1920," "
Larry,M,US 1920," "
Morton,M,US 1920," "
Edmond,M,US 1920," "
Burton,M,US 1920," "
Alan,M,US 1920," "
Cornelius,M,US 1920," "
Carlos,M,US 1920," "
Louie,M,US 1920," "
Millard,M,US 1920," "
Steven,M,US 1920," "
Mitchell,M,US 1920," "
Tommie,M,US 1920," "
Lynn,M,US 1920," "
Dwight,M,US 1920," "
Gerard,M,US 1920," "
Harrison,M,US 1920," "
Mario,M,US 1920," "
Garland,M,US 1920," "
Elmo,M,US 1920," "
Doyle,M,US 1920," "
Elton,M,US 1920," "
Grant,M,US 1920," "
Russel,M,US 1920," "
Jasper,M,US 1920," "
Kermit,M,US 1920," "
Moses,M,US 1920," "
Ramon,M,US 1920," "
Emanuel,M,US 1920," "
Dave,M,US 1920," "
Maynard,M,US 1920," "
Laverne,M,US 1920," "
Rocco,M,US 1920," "
Neal,M,US 1920," "
Will,M,US 1920," "
Wade,M,US 1920," "
Jake,M,US 1920," "
Thurman,M,US 1920," "
Francisco,M,US 1920," "
Darrell,M,US 1920," "
Monroe,M,US 1920," "
Roosevelt,M,US 1920," "
Cleveland,M,US 1920," "
Solomon,M,US 1920," "
Rodney,M,US 1920," "
Dallas,M,US 1920," "
Cleo,M,US 1920," "
Earle,M,US 1920," "
Joel,M,US 1920," "
Tommy,M,US 1920," "
Simon,M,US 1920," "
Clair,M,US 1920," "
Quentin,M,US 1920," "
Odell,M,US 1920," "
Ruben,M,US 1920," "
Delmar,M,US 1920," "
Irwin,M,US 1920," "
Jess,M,US 1920," "
Harlan,M,US 1920," "
Dick,M,US 1920," "
Elvin,M,US 1920," "
Alphonse,M,US 1920," "
Armand,M,US 1920," "
Jimmy,M,US 1920," "
Stuart,M,US 1920," "
Weldon,M,US 1920," "
Marcus,M,US 1920," "
Andy,M,US 1920," "
Gus,M,US 1920," "
Merlin,M,US 1920," "
Ed,M,US 1920," "
Claud,M,US 1920," "
Emory,M,US 1920," "
Alonzo,M,US 1920," "
Clark,M,US 1920," "
Clement,M,US 1920," "
Conrad,M,US 1920," "
Thaddeus,M,US 1920," "
Christopher,M,US 1920," "
Orval,M,US 1920," "
Carmen,M,US 1920," "
Forest,M,US 1920," "
Ollie,M,US 1920," "
Randolph,M,US 1920," "
Bruno,M,US 1920," "
Merrill,M,US 1920," "
Patsy,M,US 1920," "
Alfonso,M,US 1920," "
Ward,M,US 1920," "
Adrian,M,US 1920," "
Ned,M,US 1920," "
Emery,M,US 1920," "
Pedro,M,US 1920," "
Alva,M,US 1920," "
Buford,M,US 1920," "
Cyril,M,US 1920," "
Elijah,M,US 1920," "
Jean,M,US 1920," "
Vito,M,US 1920," "
Reginald,M,US 1920," "
Vern,M,US 1920," "
Hollis,M,US 1920," "
Lionel,M,US 1920," "
Stewart,M,US 1920," "
Timothy,M,US 1920," "
Wilburn,M,US 1920," "
Benny,M,US 1920," "
Hyman,M,US 1920," "
Sammie,M,US 1920," "
Barney,M,US 1920," "
Wiley,M,US 1920," "
Truman,M,US 1920," "
Anton,M,US 1920," "
Emerson,M,US 1920," "
Sterling,M,US 1920," "
Levi,M,US 1920," "
Eli,M,US 1920," "
Wilford,M,US 1920," "
Mervin,M,US 1920," "
Roman,M,US 1920," "
Sol,M,US 1920," "
Ellsworth,M,US 1920," "
Herschel,M,US 1920," "
Basil,M,US 1920," "
Noah,M,US 1920," "
Coy,M,US 1920," "
Travis,M,US 1920," "
Teddy,M,US 1920," "
Lavern,M,US 1920," "
Jackson,M,US 1920," "
Miles,M,US 1920," "
Milford,M,US 1920," "
Harding,M,US 1920," "
Norris,M,US 1920," "
Spencer,M,US 1920," "
Winfred,M,US 1920," "
Harris,M,US 1920," "
Hiram,M,US 1920," "
Silas,M,US 1920," "
Milo,M,US 1920," "
Van,M,US 1920," "
Luis,M,US 1920," "
Sanford,M,US 1920," "
Carmine,M,US 1920," "
Rolland,M,US 1920," "
Winston,M,US 1920," "
Ambrose,M,US 1920," "
Pasquale,M,US 1920," "
Buster,M,US 1920," "
Jeff,M,US 1920," "
Mathew,M,US 1920," "
Vance,M,US 1920," "
Abe,M,US 1920," "
Casimir,M,US 1920," "
Noel,M,US 1920," "
Saul,M,US 1920," "
Pat,M,US 1920," "
Salvador,M,US 1920," "
Foster,M,US 1920," "
Freeman,M,US 1920," "
Gabriel,M,US 1920," "
Lenard,M,US 1920," "
Sheldon,M,US 1920," "
Bertram,M,US 1920," "
Dudley,M,US 1920," "
Royal,M,US 1920," "
Isadore,M,US 1920," "
Booker,M,US 1920," "
Shirley,M,US 1920," "
Aloysius,M,US 1920," "
Noble,M,US 1920," "
Hershel,M,US 1920," "
Mary,M,US 1920," "
Frederic,M,US 1920," "
Hal,M,US 1920," "
Odis,M,US 1920," "
Scott,M,US 1920," "
Denver,M,US 1920," "
Lorenzo,M,US 1920," "
Newton,M,US 1920," "
Ulysses,M,US 1920," "
Delmer,M,US 1920," "
Omer,M,US 1920," "
Olin,M,US 1920," "
Bud,M,US 1920," "
Eric,M,US 1920," "
Ferdinand,M,US 1920," "
Lamar,M,US 1920," "
Lyman,M,US 1920," "
Alden,M,US 1920," "
Chris,M,US 1920," "
Elliott,M,US 1920," "
Gregory,M,US 1920," "
Orlando,M,US 1920," "
Anderson,M,US 1920," "
Raul,M,US 1920," "
Sydney,M,US 1920," "
Gale,M,US 1920," "
Guadalupe,M,US 1920," "
Darwin,M,US 1920," "
Burl,M,US 1920," "
Houston,M,US 1920," "
Micheal,M,US 1920," "
Cletus,M,US 1920," "
Royce,M,US 1920," "
Marlin,M,US 1920," "
Gail,M,US 1920," "
Randall,M,US 1920," "
Bobby,M,US 1920," "
Major,M,US 1920," "
Elias,M,US 1920," "
Hobert,M,US 1920," "
Luke,M,US 1920," "
Riley,M,US 1920," "
Augustus,M,US 1920," "
Everette,M,US 1920," "
Hoyt,M,US 1920," "
Olen,M,US 1920," "
Morgan,M,US 1920," "
Armando,M,US 1920," "
Linwood,M,US 1920," "
Hugo,M,US 1920," "
Evan,M,US 1920," "
Warner,M,US 1920," "
Wilton,M,US 1920," "
Arlie,M,US 1920," "
Nolan,M,US 1920," "
Rupert,M,US 1920," "
Jefferson,M,US 1920," "
Dewitt,M,US 1920," "
Walker,M,US 1920," "
Wilber,M,US 1920," "
Al,M,US 1920," "
Junius,M,US 1920," "
Merton,M,US 1920," "
Waldo,M,US 1920," "
Mckinley,M,US 1920," "
Roberto,M,US 1920," "
Clay,M,US 1920," "
Lemuel,M,US 1920," "
Theron,M,US 1920," "
Mary,F,US 1920," "
Dorothy,F,US 1920," "
Helen,F,US 1920," "
Margaret,F,US 1920," "
Ruth,F,US 1920," "
Mildred,F,US 1920," "
Virginia,F,US 1920," "
Elizabeth,F,US 1920," "
Frances,F,US 1920," "
Anna,F,US 1920," "
Betty,F,US 1920," "
Evelyn,F,US 1920," "
Marie,F,US 1920," "
Doris,F,US 1920," "
Alice,F,US 1920," "
Florence,F,US 1920," "
Irene,F,US 1920," "
Lillian,F,US 1920," "
Louise,F,US 1920," "
Rose,F,US 1920," "
Catherine,F,US 1920," "
Gladys,F,US 1920," "
Martha,F,US 1920," "
Marjorie,F,US 1920," "
Eleanor,F,US 1920," "
Edna,F,US 1920," "
Ruby,F,US 1920," "
Josephine,F,US 1920," "
Lucille,F,US 1920," "
Ethel,F,US 1920," "
Thelma,F,US 1920," "
Edith,F,US 1920," "
Jean,F,US 1920," "
Hazel,F,US 1920," "
Annie,F,US 1920," "
Pauline,F,US 1920," "
Grace,F,US 1920," "
Lois,F,US 1920," "
Esther,F,US 1920," "
Bernice,F,US 1920," "
Beatrice,F,US 1920," "
Gertrude,F,US 1920," "
Marion,F,US 1920," "
Clara,F,US 1920," "
Katherine,F,US 1920," "
Emma,F,US 1920," "
Barbara,F,US 1920," "
Jane,F,US 1920," "
Ann,F,US 1920," "
Sarah,F,US 1920," "
Elsie,F,US 1920," "
Rita,F,US 1920," "
June,F,US 1920," "
Agnes,F,US 1920," "
Julia,F,US 1920," "
Shirley,F,US 1920," "
Bertha,F,US 1920," "
Eva,F,US 1920," "
Viola,F,US 1920," "
Geraldine,F,US 1920," "
Juanita,F,US 1920," "
Pearl,F,US 1920," "
Laura,F,US 1920," "
Vivian,F,US 1920," "
Anne,F,US 1920," "
Ida,F,US 1920," "
Kathryn,F,US 1920," "
Myrtle,F,US 1920," "
Norma,F,US 1920," "
Lorraine,F,US 1920," "
Bessie,F,US 1920," "
Phyllis,F,US 1920," "
Marian,F,US 1920," "
Willie,F,US 1920," "
Vera,F,US 1920," "
Nellie,F,US 1920," "
Violet,F,US 1920," "
Wilma,F,US 1920," "
Charlotte,F,US 1920," "
Alma,F,US 1920," "
Maxine,F,US 1920," "
Stella,F,US 1920," "
Mabel,F,US 1920," "
Jessie,F,US 1920," "
Sylvia,F,US 1920," "
Genevieve,F,US 1920," "
Minnie,F,US 1920," "
Ella,F,US 1920," "
Leona,F,US 1920," "
Lillie,F,US 1920," "
Kathleen,F,US 1920," "
Ellen,F,US 1920," "
Marguerite,F,US 1920," "
Lucy,F,US 1920," "
Nancy,F,US 1920," "
Mattie,F,US 1920," "
Jennie,F,US 1920," "
Lena,F,US 1920," "
Mae,F,US 1920," "
Eileen,F,US 1920," "
Opal,F,US 1920," "
Blanche,F,US 1920," "
Audrey,F,US 1920," "
Patricia,F,US 1920," "
Velma,F,US 1920," "
Geneva,F,US 1920," "
Elaine,F,US 1920," "
Theresa,F,US 1920," "
Beulah,F,US 1920," "
Dolores,F,US 1920," "
Sara,F,US 1920," "
Harriet,F,US 1920," "
Georgia,F,US 1920," "
Jeanne,F,US 1920," "
Eunice,F,US 1920," "
Wanda,F,US 1920," "
Rosa,F,US 1920," "
Christine,F,US 1920," "
Emily,F,US 1920," "
Loretta,F,US 1920," "
Carrie,F,US 1920," "
Inez,F,US 1920," "
Muriel,F,US 1920," "
Janet,F,US 1920," "
Hilda,F,US 1920," "
Jeanette,F,US 1920," "
Fannie,F,US 1920," "
Alberta,F,US 1920," "
Sophie,F,US 1920," "
Anita,F,US 1920," "
Maria,F,US 1920," "
Hattie,F,US 1920," "
Dora,F,US 1920," "
Naomi,F,US 1920," "
Verna,F,US 1920," "
Ada,F,US 1920," "
Cora,F,US 1920," "
Madeline,F,US 1920," "
Lula,F,US 1920," "
Miriam,F,US 1920," "
Rosemary,F,US 1920," "
Mamie,F,US 1920," "
Joan,F,US 1920," "
Roberta,F,US 1920," "
Arlene,F,US 1920," "
Olga,F,US 1920," "
Lola,F,US 1920," "
Mable,F,US 1920," "
Flora,F,US 1920," "
Carolyn,F,US 1920," "
Olive,F,US 1920," "
Erma,F,US 1920," "
Joyce,F,US 1920," "
Bonnie,F,US 1920," "
Daisy,F,US 1920," "
Rachel,F,US 1920," "
Nora,F,US 1920," "
Estelle,F,US 1920," "
Caroline,F,US 1920," "
Winifred,F,US 1920," "
Marcella,F,US 1920," "
Rosie,F,US 1920," "
Susie,F,US 1920," "
Irma,F,US 1920," "
Constance,F,US 1920," "
Lucile,F,US 1920," "
Margie,F,US 1920," "
Lorene,F,US 1920," "
Eula,F,US 1920," "
Fern,F,US 1920," "
Henrietta,F,US 1920," "
Maggie,F,US 1920," "
Victoria,F,US 1920," "
Sadie,F,US 1920," "
Rebecca,F,US 1920," "
Adeline,F,US 1920," "
Eloise,F,US 1920," "
Lottie,F,US 1920," "
Nina,F,US 1920," "
Antoinette,F,US 1920," "
Nettie,F,US 1920," "
Carol,F,US 1920," "
Della,F,US 1920," "
Katie,F,US 1920," "
Lydia,F,US 1920," "
Regina,F,US 1920," "
Dorothea,F,US 1920," "
Laverne,F,US 1920," "
Jeannette,F,US 1920," "
Amelia,F,US 1920," "
Cleo,F,US 1920," "
Veronica,F,US 1920," "
Angelina,F,US 1920," "
Gloria,F,US 1920," "
Claire,F,US 1920," "
Bette,F,US 1920," "
Essie,F,US 1920," "
Goldie,F,US 1920," "
Isabel,F,US 1920," "
Rosalie,F,US 1920," "
Freda,F,US 1920," "
Donna,F,US 1920," "
Sally,F,US 1920," "
May,F,US 1920," "
Ollie,F,US 1920," "
Adele,F,US 1920," "
Beverly,F,US 1920," "
Faye,F,US 1920," "
Angeline,F,US 1920," "
Addie,F,US 1920," "
Melba,F,US 1920," "
Billie,F,US 1920," "
Isabelle,F,US 1920," "
Effie,F,US 1920," "
Jewell,F,US 1920," "
Ora,F,US 1920," "
Cecelia,F,US 1920," "
Lela,F,US 1920," "
Peggy,F,US 1920," "
Annette,F,US 1920," "
Ernestine,F,US 1920," "
Iva,F,US 1920," "
Johnnie,F,US 1920," "
Luella,F,US 1920," "
Susan,F,US 1920," "
Leola,F,US 1920," "
Lila,F,US 1920," "
Jewel,F,US 1920," "
Imogene,F,US 1920," "
Sallie,F,US 1920," "
Etta,F,US 1920," "
Bettie,F,US 1920," "
Selma,F,US 1920," "
Elva,F,US 1920," "
Janie,F,US 1920," "
Carmen,F,US 1920," "
Cecilia,F,US 1920," "
Gwendolyn,F,US 1920," "
Ola,F,US 1920," "
Eleanore,F,US 1920," "
Delores,F,US 1920," "
Celia,F,US 1920," "
Teresa,F,US 1920," "
Alta,F,US 1920," "
Lizzie,F,US 1920," "
Sue,F,US 1920," "
Yvonne,F,US 1920," "
Reba,F,US 1920," "
Maude,F,US 1920," "
Fay,F,US 1920," "
Ina,F,US 1920," "
Helene,F,US 1920," "
Frieda,F,US 1920," "
Janice,F,US 1920," "
Angela,F,US 1920," "
Nell,F,US 1920," "
Elinor,F,US 1920," "
Nannie,F,US 1920," "
Francis,F,US 1920," "
Priscilla,F,US 1920," "
Matilda,F,US 1920," "
Iris,F,US 1920," "
Amy,F,US 1920," "
Estella,F,US 1920," "
Elnora,F,US 1920," "
Elma,F,US 1920," "
Lenora,F,US 1920," "
Elvira,F,US 1920," "
Nadine,F,US 1920," "
Harriett,F,US 1920," "
Eugenia,F,US 1920," "
Arline,F,US 1920," "
Annabelle,F,US 1920," "
Ila,F,US 1920," "
Mollie,F,US 1920," "
Neva,F,US 1920," "
Clarice,F,US 1920," "
Natalie,F,US 1920," "
Sophia,F,US 1920," "
Flossie,F,US 1920," "
Lee,F,US 1920," "
Jacqueline,F,US 1920," "
Margery,F,US 1920," "
Virgie,F,US 1920," "
Gracie,F,US 1920," "
Leah,F,US 1920," "
Olivia,F,US 1920," "
Marilyn,F,US 1920," "
Myra,F,US 1920," "
Carmela,F,US 1920," "
Edythe,F,US 1920," "
Connie,F,US 1920," "
Rena,F,US 1920," "
Winnie,F,US 1920," "
Mavis,F,US 1920," "
Sybil,F,US 1920," "
Cecile,F,US 1920," "
Millie,F,US 1920," "
Hannah,F,US 1920," "
Adelaide,F,US 1920," "
Bernadine,F,US 1920," "
Madge,F,US 1920," "
Odessa,F,US 1920," "
Carmella,F,US 1920," "
Aileen,F,US 1920," "
Frankie,F,US 1920," "
Cornelia,F,US 1920," "
Berniece,F,US 1920," "
Zelma,F,US 1920," "
Aline,F,US 1920," "
Lorena,F,US 1920," "
Avis,F,US 1920," "
Dorthy,F,US 1920," "
Josie,F,US 1920," "
Alyce,F,US 1920," "
Letha,F,US 1920," "
Willa,F,US 1920," "
Rhoda,F,US 1920," "
Rosetta,F,US 1920," "
Concetta,F,US 1920," "
Allie,F,US 1920," "
Rosella,F,US 1920," "
Leila,F,US 1920," "
Merle,F,US 1920," "
Lenore,F,US 1920," "
Dollie,F,US 1920," "
Eliza,F,US 1920," "
Corinne,F,US 1920," "
Loraine,F,US 1920," "
Claudia,F,US 1920," "
Lily,F,US 1920," "
Jimmie,F,US 1920," "
Christina,F,US 1920," "
Helena,F,US 1920," "
Amanda,F,US 1920," "
Corine,F,US 1920," "
Joy,F,US 1920," "
Ramona,F,US 1920," "
Iona,F,US 1920," "
Lora,F,US 1920," "
Judith,F,US 1920," "
Ione,F,US 1920," "
Tillie,F,US 1920," "
Florine,F,US 1920," "
Hester,F,US 1920," "
Callie,F,US 1920," "
Marcia,F,US 1920," "
Ophelia,F,US 1920," "
Linda,F,US 1920," "
Beth,F,US 1920," "
Katharine,F,US 1920," "
Dolly,F,US 1920," "
Hope,F,US 1920," "
Paula,F,US 1920," "
Leota,F,US 1920," "
Lou,F,US 1920," "
Althea,F,US 1920," "
Earline,F,US 1920," "
Wilda,F,US 1920," "
Bernadette,F,US 1920," "
Maudie,F,US 1920," "
Gussie,F,US 1920," "
Iola,F,US 1920," "
Dixie,F,US 1920," "
Lessie,F,US 1920," "
Guadalupe,F,US 1920," "
Reva,F,US 1920," "
Yolanda,F,US 1920," "
Mercedes,F,US 1920," "
Kay,F,US 1920," "
Stephanie,F,US 1920," "
Beryl,F,US 1920," "
Tessie,F,US 1920," "
Antonia,F,US 1920," "
Pearlie,F,US 1920," "
Lilly,F,US 1920," "
Eddie,F,US 1920," "
Bertie,F,US 1920," "
Nola,F,US 1920," "
Augusta,F,US 1920," "
Madelyn,F,US 1920," "
Johanna,F,US 1920," "
Charlene,F,US 1920," "
Bobbie,F,US 1920," "
Theda,F,US 1920," "
Polly,F,US 1920," "
Robbie,F,US 1920," "
Suzanne,F,US 1920," "
Cynthia,F,US 1920," "
Georgie,F,US 1920," "
Dessie,F,US 1920," "
Lupe,F,US 1920," "
Delia,F,US 1920," "
Roxie,F,US 1920," "
John,F,US 1920," "
Melva,F,US 1920," "
Lelia,F,US 1920," "
Aurora,F,US 1920," "
Darlene,F,US 1920," "
Harriette,F,US 1920," "
Oma,F,US 1920," "
Allene,F,US 1920," "
Verda,F,US 1920," "
Philomena,F,US 1920," "
Deloris,F,US 1920," "
Glenna,F,US 1920," "
Evangeline,F,US 1920," "
Maurine,F,US 1920," "
Alene,F,US 1920," "
Consuelo,F,US 1920," "
Mona,F,US 1920," "
Enid,F,US 1920," "
Elisabeth,F,US 1920," "
Erna,F,US 1920," "
Kate,F,US 1920," "
Margarita,F,US 1920," "
Alvina,F,US 1920," "
Mozelle,F,US 1920," "
Hallie,F,US 1920," "
Isabella,F,US 1920," "
Garnet,F,US 1920," "
Nona,F,US 1920," "
Isabell,F,US 1920," "
James,F,US 1920," "
Dortha,F,US 1920," "
Jannie,F,US 1920," "
Molly,F,US 1920," "
Corrine,F,US 1920," "
Zella,F,US 1920," "
Vesta,F,US 1920," "
Jaunita,F,US 1920," "
Lorine,F,US 1920," "
Rubye,F,US 1920," "
Marjory,F,US 1920," "
Clare,F,US 1920," "
Belle,F,US 1920," "
Lorna,F,US 1920," "
Pansy,F,US 1920," "
Ruthie,F,US 1920," "
Tommie,F,US 1920," "
Valeria,F,US 1920," "
Marietta,F,US 1920," "
Diana,F,US 1920," "
Jo,F,US 1920," "
Birdie,F,US 1920," "
Ester,F,US 1920," "
Queen,F,US 1920," "
Leta,F,US 1920," "
Madeleine,F,US 1920," "
Nelda,F,US 1920," "
Syble,F,US 1920," "
Hortense,F,US 1920," "
Dorris,F,US 1920," "
Fanny,F,US 1920," "
Winona,F,US 1920," "
Elouise,F,US 1920," "
Phoebe,F,US 1920," "
Vida,F,US 1920," "
Louella,F,US 1920," "
Oleta,F,US 1920," "
Roslyn,F,US 1920," "
Monica,F,US 1920," "
Wilhelmina,F,US 1920," "
Cecil,F,US 1920," "
Jayne,F,US 1920," "
Leora,F,US 1920," "
Elvera,F,US 1920," "
Mayme,F,US 1920," "
Rosalind,F,US 1920," "
Joanne,F,US 1920," "
Elise,F,US 1920," "
Zelda,F,US 1920," "
Agatha,F,US 1920," "
Alfreda,F,US 1920," "
Catharine,F,US 1920," "
William,F,US 1920," "
Marianne,F,US 1920," "
Minerva,F,US 1920," "
Robert,F,US 1920," "
Gene,F,US 1920," "
Ferne,F,US 1920," "
Julie,F,US 1920," "
Katheryn,F,US 1920," "
Judy,F,US 1920," "
Lucinda,F,US 1920," "
Manuela,F,US 1920," "
Freida,F,US 1920," "
Leone,F,US 1920," "
Elda,F,US 1920," "
Charlie,F,US 1920," "
Rae,F,US 1920," "
Adell,F,US 1920," "
Patsy,F,US 1920," "
Dovie,F,US 1920," "
Rowena,F,US 1920," "
Vada,F,US 1920," "
Veda,F,US 1920," "
Emilie,F,US 1920," "
Ilene,F,US 1920," "
Louisa,F,US 1920," "
Shelby,M,US 1920," "
Augustine,M,US 1920," "
Columbus,M,US 1920," "
Gustave,M,US 1920," "
Oren,M,US 1920," "
Palmer,M,US 1920," "
Carlo,M,US 1920," "
Christian,M,US 1920," "
Dalton,M,US 1920," "
Darrel,M,US 1920," "
Emile,M,US 1920," "
Ezra,M,US 1920," "
Mason,M,US 1920," "
Terry,M,US 1920," "
Rene,M,US 1920," "
Elroy,M,US 1920," "
Granville,M,US 1920," "
Nickolas,M,US 1920," "
Otha,M,US 1920," "
Sebastian,M,US 1920," "
Hilton,M,US 1920," "
Lincoln,M,US 1920," "
Lucius,M,US 1920," "
Blaine,M,US 1920," "
Israel,M,US 1920," "
Albin,M,US 1920," "
Carrol,M,US 1920," "
Fay,M,US 1920," "
Harland,M,US 1920," "
Raleigh,M,US 1920," "
Jewel,M,US 1920," "
Pablo,M,US 1920," "
Verne,M,US 1920," "
Meyer,M,US 1920," "
Isidore,M,US 1920," "
Ottis,M,US 1920," "
Phil,M,US 1920," "
Quinton,M,US 1920," "
Elden,M,US 1920," "
Elwin,M,US 1920," "
Jeremiah,M,US 1920," "
Dock,M,US 1920," "
Harmon,M,US 1920," "
Joshua,M,US 1920," "
Benedict,M,US 1920," "
Bobbie,M,US 1920," "
Miguel,M,US 1920," "
Gaylord,M,US 1920," "
Haywood,M,US 1920," "
Lucian,M,US 1920," "
Rafael,M,US 1920," "
Alberto,M,US 1920," "
Antone,M,US 1920," "
Domingo,M,US 1920," "
Emilio,M,US 1920," "
Fletcher,M,US 1920," "
Isiah,M,US 1920," "
Valentine,M,US 1920," "
Hobart,M,US 1920," "
Isaiah,M,US 1920," "
Lucien,M,US 1920," "
Mose,M,US 1920," "
Reed,M,US 1920," "
Vaughn,M,US 1920," "
Walton,M,US 1920," "
Kelly,M,US 1920," "
Ora,M,US 1920," "
Edd,M,US 1920," "
Maxwell,M,US 1920," "
Porter,M,US 1920," "
Sigmund,M,US 1920," "
Winfield,M,US 1920," "
Hector,M,US 1920," "
Dorsey,M,US 1920," "
Eldred,M,US 1920," "
Cyrus,M,US 1920," "
Davis,M,US 1920," "
Domenic,M,US 1920," "
Rubin,M,US 1920," "
Bryce,M,US 1920," "
Joesph,M,US 1920," "
Trinidad,M,US 1920," "
Bernice,M,US 1920," "
Hermon,M,US 1920," "
Judson,M,US 1920," "
Tomas,M,US 1920," "
Avery,M,US 1920," "
Sammy,M,US 1920," "
Arden,M,US 1920," "
Arther,M,US 1920," "
Coleman,M,US 1920," "
Jonathan,M,US 1920," "
Arturo,M,US 1920," "
Hardy,M,US 1920," "
Jewell,M,US 1920," "
Orin,M,US 1920," "
Raymon,M,US 1920," "
Rudy,M,US 1920," "
Alfredo,M,US 1920," "
Casimer,M,US 1920," "
Enoch,M,US 1920," "
Frankie,M,US 1920," "
Graham,M,US 1920," "
Seth,M,US 1920," "
Felipe,M,US 1920," "
Frances,M,US 1920," "
King,M,US 1920," "
Taylor,M,US 1920," "
Carol,M,US 1920," "
Justin,M,US 1920," "
Lacy,M,US 1920," "
Merritt,M,US 1920," "
Bryant,M,US 1920," "
Marcel,M,US 1920," "
Meredith,M,US 1920," "
Asa,M,US 1920," "
Talmadge,M,US 1920," "
Garfield,M,US 1920," "
Roderick,M,US 1920," "
Romeo,M,US 1920," "
Buddy,M,US 1920," "
Clare,M,US 1920," "
Eldridge,M,US 1920," "
Raphael,M,US 1920," "
Rollin,M,US 1920," "
Elzie,M,US 1920," "
Emmitt,M,US 1920," "
Aldo,M,US 1920," "
Alvie,M,US 1920," "
Andres,M,US 1920," "
Carson,M,US 1920," "
Carter,M,US 1920," "
Clem,M,US 1920," "
Emmet,M,US 1920," "
Rosario,M,US 1920," "
Alvis,M,US 1920," "
Dana,M,US 1920," "
Julio,M,US 1920," "
Winford,M,US 1920," "
Ignacio,M,US 1920," "
Ignatius,M,US 1920," "
Sherwood,M,US 1920," "
Stanford,M,US 1920," "
Theo,M,US 1920," "
Carlyle,M,US 1920," "
Dee,M,US 1920," "
Fernando,M,US 1920," "
Napoleon,M,US 1920," "
Bennett,M,US 1920," "
Jennings,M,US 1920," "
Jules,M,US 1920," "
Benton,M,US 1920," "
Beverly,M,US 1920," "
Brady,M,US 1920," "
Durward,M,US 1920," "
Enrique,M,US 1920," "
Loyal,M,US 1920," "
Matt,M,US 1920," "
Claudie,M,US 1920," "
Connie,M,US 1920," "
Constantine,M,US 1920," "
Dempsey,M,US 1920," "
Elwyn,M,US 1920," "
Florian,M,US 1920," "
Howell,M,US 1920," "
Mahlon,M,US 1920," "
Arvid,M,US 1920," "
General,M,US 1920," "
Glendon,M,US 1920," "
Leander,M,US 1920," "
Pearl,M,US 1920," "
Stanton,M,US 1920," "
Bernie,M,US 1920," "
Danny,M,US 1920," "
Evert,M,US 1920," "
Guido,M,US 1920," "
Kent,M,US 1920," "
Buck,M,US 1920," "
Santo,M,US 1920," "
Dexter,M,US 1920," "
Edison,M,US 1920," "
Loy,M,US 1920," "
Omar,M,US 1920," "
Rogers,M,US 1920," "
Santos,M,US 1920," "
Urban,M,US 1920," "
Alphonso,M,US 1920," "
Dayton,M,US 1920," "
Dillard,M,US 1920," "
Milan,M,US 1920," "
Bertrand,M,US 1920," "
Bradley,M,US 1920," "
Domenick,M,US 1920," "
Doris,M,US 1920," "
Duncan,M,US 1920," "
Elmore,M,US 1920," "
Garnett,M,US 1920," "
Ike,M,US 1920," "
Lawson,M,US 1920," "
Angel,M,US 1920," "
Casper,M,US 1920," "
Kyle,M,US 1920," "
Normand,M,US 1920," "
Benito,M,US 1920," "
Carmelo,M,US 1920," "
Hayward,M,US 1920," "
Jonas,M,US 1920," "
Miller,M,US 1920," "
Oran,M,US 1920," "
Orrin,M,US 1920," "
Webster,M,US 1920," "
Americo,M,US 1920," "
Aron,M,US 1920," "
Bryan,M,US 1920," "
Garrett,M,US 1920," "
Oral,M,US 1920," "
Alford,M,US 1920," "
Arlo,M,US 1920," "
Otho,M,US 1920," "
Rodger,M,US 1920," "
Blair,M,US 1920," "
Felton,M,US 1920," "
Galen,M,US 1920," "
Gilberto,M,US 1920," "
Ellwood,M,US 1920," "
Garth,M,US 1920," "
Gregorio,M,US 1920," "
Ivory,M,US 1920," "
Oswald,M,US 1920," "
Prince,M,US 1920," "
Santiago,M,US 1920," "
Abel,M,US 1920," "
Haskell,M,US 1920," "
Obie,M,US 1920," "
Rowland,M,US 1920," "
Shelton,M,US 1920," "
Verlin,M,US 1920," "
Clovis,M,US 1920," "
Evans,M,US 1920," "
Hazel,M,US 1920," "
Leeroy,M,US 1920," "
Reid,M,US 1920," "
Winton,M,US 1920," "
Cameron,M,US 1920," "
Clarance,M,US 1920," "
Craig,M,US 1920," "
Elliot,M,US 1920," "
Ernesto,M,US 1920," "
Ernie,M,US 1920," "
Estel,M,US 1920," "
Gaetano,M,US 1920," "
Verl,M,US 1920," "
Allie,M,US 1920," "
Brooks,M,US 1920," "
Dorothy,M,US 1920," "
Early,M,US 1920," "
Franklyn,M,US 1920," "
Henderson,M,US 1920," "
Jason,M,US 1920," "
Lambert,M,US 1920," "
Ruby,M,US 1920," "
Theadore,M,US 1920," "
Carleton,M,US 1920," "
Jordan,M,US 1920," "
Newell,M,US 1920," "
Arvil,M,US 1920," "
Bradford,M,US 1920," "
Denzil,M,US 1920," "
Elvis,M,US 1920," "
Gary,M,US 1920," "
Logan,M,US 1920," "
Mac,M,US 1920," "
Merl,M,US 1920," "
Ricardo,M,US 1920," "
Chauncey,M,US 1920," "
Cloyd,M,US 1920," "
June,M,US 1920," "
Murphy,M,US 1920," "
Rayford,M,US 1920," "
Reynold,M,US 1920," "
Rodolfo,M,US 1920," "
Silvio,M,US 1920," "
Vernie,M,US 1920," "
Williams,M,US 1920," "
Adolphus,M,US 1920," "
Burt,M,US 1920," "
Claire,M,US 1920," "
Norwood,M,US 1920," "
Regis,M,US 1920," "
Vivian,M,US 1920," "
Alois,M,US 1920," "
Elisha,M,US 1920," "
Fritz,M,US 1920," "
Lonzo,M,US 1920," "
Milburn,M,US 1920," "
Myles,M,US 1920," "
Pierre,M,US 1920," "
Vergil,M,US 1920," "
Werner,M,US 1920," "
Wm,M,US 1920," "
Abner,M,US 1920," "
Cruz,M,US 1920," "
Mortimer,M,US 1920," "
Nicolas,M,US 1920," "
Boyce,M,US 1920," "
Elgin,M,US 1920," "
Giles,M,US 1920," "
Olan,M,US 1920," "
Smith,M,US 1920," "
Beryl,M,US 1920," "
Guillermo,M,US 1920," "
Hunter,M,US 1920," "
Johnson,M,US 1920," "
Lafayette,M,US 1920," "
Sylvan,M,US 1920," "
Thornton,M,US 1920," "
Alec,M,US 1920," "
Alejandro,M,US 1920," "
Audrey,M,US 1920," "
Burnell,M,US 1920," "
Clint,M,US 1920," "
Leopold,M,US 1920," "
Thurston,M,US 1920," "
Vester,M,US 1920," "
Bonnie,M,US 1920," "
Burdette,M,US 1920," "
Dante,M,US 1920," "
Elza,M,US 1920," "
Glenwood,M,US 1920," "
Issac,M,US 1920," "
Lauren,M,US 1920," "
Marcellus,M,US 1920," "
Merlyn,M,US 1920," "
Murry,M,US 1920," "
Turner,M,US 1920," "
Arvel,M,US 1920," "
Cleve,M,US 1920," "
Judge,M,US 1920," "
Kay,M,US 1920," "
Madison,M,US 1920," "
Orland,M,US 1920," "
Stacy,M,US 1920," "
Sumner,M,US 1920," "
Verner,M,US 1920," "
Chas,M,US 1920," "
Clemens,M,US 1920," "
Hayden,M,US 1920," "
Maxie,M,US 1920," "
Parker,M,US 1920," "
Tillman,M,US 1920," "
Tim,M,US 1920," "
Verle,M,US 1920," "
Welton,M,US 1920," "
Barton,M,US 1920," "
Carey,M,US 1920," "
Hans,M,US 1920," "
Helen,M,US 1920," "
Leamon,M,US 1920," "
Melton,M,US 1920," "
Mitchel,M,US 1920," "
Nunzio,M,US 1920," "
Waymon,M,US 1920," "
Wylie,M,US 1920," "
Crawford,M,US 1920," "
Damon,M,US 1920," "
Hilbert,M,US 1920," "
Hosea,M,US 1920," "
Joyce,M,US 1920," "
Lawerence,M,US 1920," "
Lupe,M,US 1920," "
Malvin,M,US 1920," "
Odie,M,US 1920," "
Orvil,M,US 1920," "
Sandy,M,US 1920," "
Vicente,M,US 1920," "
Cary,M,US 1920," "
Donovan,M,US 1920," "
Fredric,M,US 1920," "
Gaston,M,US 1920," "
Hamilton,M,US 1920," "
Hillard,M,US 1920," "
Hiroshi,M,US 1920," "
Loran,M,US 1920," "
Ludwig,M,US 1920," "
Norval,M,US 1920," "
Virgle,M,US 1920," "
Addison,M,US 1920," "
Angus,M,US 1920," "
Archibald,M,US 1920," "
Benjiman,M,US 1920," "
Gustav,M,US 1920," "
Kendall,M,US 1920," "
Kirby,M,US 1920," "
Lorin,M,US 1920," "
Melville,M,US 1920," "
Jerald,M,US 1920," "
Joaquin,M,US 1920," "
Jodie,M,US 1920," "
Jones,M,US 1920," "
Whitney,M,US 1920," "
Worth,M,US 1920," "
Armond,M,US 1920," "
Cedric,M,US 1920," "
Gino,M,US 1920," "
Jonnie,M,US 1920," "
Lindsay,M,US 1920," "
Ocie,M,US 1920," "
Reinhold,M,US 1920," "
Tracy,M,US 1920," "
Wellington,M,US 1920," "
Allison,M,US 1920," "
Ardell,M,US 1920," "
Artis,M,US 1920," "
Arvin,M,US 1920," "
Cleon,M,US 1920," "
Ford,M,US 1920," "
Gayle,M,US 1920," "
Godfrey,M,US 1920," "
Lindsey,M,US 1920," "
Norton,M,US 1920," "
Pierce,M,US 1920," "
Watson,M,US 1920," "
Durwood,M,US 1920," "
Finis,M,US 1920," "
Gardner,M,US 1920," "
Lois,M,US 1920," "
Mariano,M,US 1920," "
Mickey,M,US 1920," "
Edsel,M,US 1920," "
Eduardo,M,US 1920," "
Fidel,M,US 1920," "
Garnet,M,US 1920," "
Kennith,M,US 1920," "
Laurel,M,US 1920," "
Linus,M,US 1920," "
Lorenza,M,US 1920," "
Rosevelt,M,US 1920," "
Terrence,M,US 1920," "
Weston,M,US 1920," "
Auther,M,US 1920," "
Berry,M,US 1920," "
Chalmer,M,US 1920," "
Eloy,M,US 1920," "
Farris,M,US 1920," "
Lenwood,M,US 1920," "
Ruth,M,US 1920," "
Yoshio,M,US 1920," "
Abram,M,US 1920," "
Adelbert,M,US 1920," "
Earlie,M,US 1920," "
Ennis,M,US 1920," "
Ezekiel,M,US 1920," "
Gorden,M,US 1920," "
Hilliard,M,US 1920," "
Ivy,M,US 1920," "
Kiyoshi,M,US 1920," "
Llewellyn,M,US 1920," "
Lucious,M,US 1920," "
Rollie,M,US 1920," "
Almon,M,US 1920," "
Caleb,M,US 1920," "
Emmit,M,US 1920," "
Leonardo,M,US 1920," "
Murl,M,US 1920," "
Oakley,M,US 1920," "
Daryl,M,US 1920," "
Hardin,M,US 1920," "
Masao,M,US 1920," "
Rayburn,M,US 1920," "
Washington,M,US 1920," "
Wyatt,M,US 1920," "
Zack,M,US 1920," "
Arne,M,US 1920," "
Artie,M,US 1920," "
Blake,M,US 1920," "
Gerhard,M,US 1920," "
Golden,M,US 1920," "
Jon,M,US 1920," "
Lesley,M,US 1920," "
Margaret,M,US 1920," "
Minoru,M,US 1920," "
Price,M,US 1920," "
Rueben,M,US 1920," "
Wardell,M,US 1920," "
Erling,M,US 1920," "
Levy,M,US 1920," "
Agustin,M,US 1920," "
Arch,M,US 1920," "
Bailey,M,US 1920," "
Courtney,M,US 1920," "
Denis,M,US 1920," "
Dewayne,M,US 1920," "
Ewell,M,US 1920," "
Furman,M,US 1920," "
Garvin,M,US 1920," "
Huey,M,US 1920," "
Joy,M,US 1920," "
Malcom,M,US 1920," "
Manley,M,US 1920," "
Marco,M,US 1920," "
Una,F,US 1920," "
Velda,F,US 1920," "
Millicent,F,US 1920," "
Albina,F,US 1920," "
Alpha,F,US 1920," "
Bella,F,US 1920," "
Jenny,F,US 1920," "
Lura,F,US 1920," "
Sibyl,F,US 1920," "
Edwina,F,US 1920," "
Retha,F,US 1920," "
Juliette,F,US 1920," "
Orpha,F,US 1920," "
Trinidad,F,US 1920," "
Ava,F,US 1920," "
Elsa,F,US 1920," "
Margret,F,US 1920," "
Rhea,F,US 1920," "
Betsy,F,US 1920," "
Camille,F,US 1920," "
Magdalene,F,US 1920," "
Rosalee,F,US 1920," "
Angie,F,US 1920," "
Cassie,F,US 1920," "
Gail,F,US 1920," "
Gertie,F,US 1920," "
Lauretta,F,US 1920," "
Zola,F,US 1920," "
Claudine,F,US 1920," "
Evalyn,F,US 1920," "
Elena,F,US 1920," "
Floy,F,US 1920," "
Lulu,F,US 1920," "
Marcelle,F,US 1920," "
Filomena,F,US 1920," "
Hellen,F,US 1920," "
Theodora,F,US 1920," "
Aurelia,F,US 1920," "
Rosemarie,F,US 1920," "
Verla,F,US 1920," "
Alva,F,US 1920," "
Linnie,F,US 1920," "
Justine,F,US 1920," "
Reta,F,US 1920," "
Earnestine,F,US 1920," "
Valerie,F,US 1920," "
Vernice,F,US 1920," "
Ima,F,US 1920," "
Maybelle,F,US 1920," "
Dorotha,F,US 1920," "
Ethelyn,F,US 1920," "
Lona,F,US 1920," "
Jerry,F,US 1920," "
Joanna,F,US 1920," "
Bennie,F,US 1920," "
George,F,US 1920," "
Mazie,F,US 1920," "
Myrtis,F,US 1920," "
Delphine,F,US 1920," "
Maryann,F,US 1920," "
Belva,F,US 1920," "
Blanch,F,US 1920," "
Faith,F,US 1920," "
Charles,F,US 1920," "
Maud,F,US 1920," "
Adela,F,US 1920," "
Ona,F,US 1920," "
Ursula,F,US 1920," "
Winnifred,F,US 1920," "
Florene,F,US 1920," "
Ardis,F,US 1920," "
Celestine,F,US 1920," "
Idella,F,US 1920," "
Lavina,F,US 1920," "
Freddie,F,US 1920," "
Odell,F,US 1920," "
Bettye,F,US 1920," "
Elna,F,US 1920," "
Estell,F,US 1920," "
Mittie,F,US 1920," "
Lettie,F,US 1920," "
Petra,F,US 1920," "
Francisca,F,US 1920," "
Celeste,F,US 1920," "
Georgiana,F,US 1920," "
Margarette,F,US 1920," "
Alicia,F,US 1920," "
Juana,F,US 1920," "
Marvel,F,US 1920," "
Artie,F,US 1920," "
Eleanora,F,US 1920," "
Johnie,F,US 1920," "
Larue,F,US 1920," "
Lucia,F,US 1920," "
Mathilda,F,US 1920," "
Delma,F,US 1920," "
Germaine,F,US 1920," "
Jackie,F,US 1920," "
Joann,F,US 1920," "
Adella,F,US 1920," "
Mina,F,US 1920," "
Janette,F,US 1920," "
Ivy,F,US 1920," "
Aletha,F,US 1920," "
Hettie,F,US 1920," "
Ray,F,US 1920," "
Treva,F,US 1920," "
Bonita,F,US 1920," "
Earlene,F,US 1920," "
Golda,F,US 1920," "
Melvina,F,US 1920," "
Roma,F,US 1920," "
Lavonne,F,US 1920," "
Pearline,F,US 1920," "
Twila,F,US 1920," "
Zora,F,US 1920," "
Joe,F,US 1920," "
Myrna,F,US 1920," "
Arleen,F,US 1920," "
Marianna,F,US 1920," "
Yetta,F,US 1920," "
Camilla,F,US 1920," "
Carolina,F,US 1920," "
Rosalyn,F,US 1920," "
Emogene,F,US 1920," "
Gretchen,F,US 1920," "
Lavern,F,US 1920," "
Lue,F,US 1920," "
Annabel,F,US 1920," "
Gilda,F,US 1920," "
Rubie,F,US 1920," "
Alda,F,US 1920," "
Doretha,F,US 1920," "
Era,F,US 1920," "
Josefina,F,US 1920," "
Georgianna,F,US 1920," "
Hedwig,F,US 1920," "
Myrtice,F,US 1920," "
Nelle,F,US 1920," "
Kathrine,F,US 1920," "
Laverna,F,US 1920," "
Magnolia,F,US 1920," "
Tina,F,US 1920," "
Dorcas,F,US 1920," "
Jeane,F,US 1920," "
Albertha,F,US 1920," "
Eldora,F,US 1920," "
Nan,F,US 1920," "
Ouida,F,US 1920," "
Almeda,F,US 1920," "
Berneice,F,US 1920," "
Crystal,F,US 1920," "
Easter,F,US 1920," "
Therese,F,US 1920," "
Anastasia,F,US 1920," "
Janis,F,US 1920," "
Nita,F,US 1920," "
Norine,F,US 1920," "
Yvette,F,US 1920," "
Evelyne,F,US 1920," "
Cordelia,F,US 1920," "
Clementine,F,US 1920," "
Rachael,F,US 1920," "
Cathryn,F,US 1920," "
Leatha,F,US 1920," "
Leonora,F,US 1920," "
Novella,F,US 1920," "
Velva,F,US 1920," "
Vernie,F,US 1920," "
Antonette,F,US 1920," "
Ardith,F,US 1920," "
Esta,F,US 1920," "
Evie,F,US 1920," "
Malinda,F,US 1920," "
Violette,F,US 1920," "
Esperanza,F,US 1920," "
Georgette,F,US 1920," "
Rosina,F,US 1920," "
Dona,F,US 1920," "
Margarett,F,US 1920," "
Octavia,F,US 1920," "
Sammie,F,US 1920," "
Vernell,F,US 1920," "
Carmel,F,US 1920," "
Lavon,F,US 1920," "
Maryjane,F,US 1920," "
Elenora,F,US 1920," "
Joseph,F,US 1920," "
Sandra,F,US 1920," "
Corene,F,US 1920," "
Glenda,F,US 1920," "
Madaline,F,US 1920," "
Nova,F,US 1920," "
Tressie,F,US 1920," "
Vina,F,US 1920," "
Lina,F,US 1920," "
Verona,F,US 1920," "
Claudie,F,US 1920," "
Bulah,F,US 1920," "
Emilia,F,US 1920," "
Vergie,F,US 1920," "
Andrea,F,US 1920," "
Audra,F,US 1920," "
Maureen,F,US 1920," "
Berta,F,US 1920," "
Alvera,F,US 1920," "
Charline,F,US 1920," "
Lavada,F,US 1920," "
Martina,F,US 1920," "
Zula,F,US 1920," "
Bethel,F,US 1920," "
Daphne,F,US 1920," "
Idell,F,US 1920," "
Renee,F,US 1920," "
Eulalia,F,US 1920," "
Lovie,F,US 1920," "
Carole,F,US 1920," "
Elisa,F,US 1920," "
Gayle,F,US 1920," "
Annamae,F,US 1920," "
Eve,F,US 1920," "
Felicia,F,US 1920," "
Hilma,F,US 1920," "
Lucretia,F,US 1920," "
Vincenza,F,US 1920," "
Garnett,F,US 1920," "
Lida,F,US 1920," "
Myrtie,F,US 1920," "
Abbie,F,US 1920," "
Chloe,F,US 1920," "
Theo,F,US 1920," "
Elmira,F,US 1920," "
Kathryne,F,US 1920," "
Rosanna,F,US 1920," "
Ruthe,F,US 1920," "
Georgina,F,US 1920," "
Lyda,F,US 1920," "
Marilynn,F,US 1920," "
Adelle,F,US 1920," "
Annabell,F,US 1920," "
Clyde,F,US 1920," "
Concepcion,F,US 1920," "
Juliet,F,US 1920," "
Vivienne,F,US 1920," "
Adelia,F,US 1920," "
Dena,F,US 1920," "
Hazle,F,US 1920," "
Marge,F,US 1920," "
Pinkie,F,US 1920," "
Angelita,F,US 1920," "
Annetta,F,US 1920," "
Delphia,F,US 1920," "
Donnie,F,US 1920," "
Gwen,F,US 1920," "
Hulda,F,US 1920," "
Lavinia,F,US 1920," "
Lonnie,F,US 1920," "
Neoma,F,US 1920," "
Cathrine,F,US 1920," "
Leslie,F,US 1920," "
Meta,F,US 1920," "
Eloisa,F,US 1920," "
Madie,F,US 1920," "
Madonna,F,US 1920," "
Ocie,F,US 1920," "
Sheila,F,US 1920," "
Susanna,F,US 1920," "
Luvenia,F,US 1920," "
Mozell,F,US 1920," "
Sabina,F,US 1920," "
Mandy,F,US 1920," "
Savannah,F,US 1920," "
Amalia,F,US 1920," "
Berenice,F,US 1920," "
Hildred,F,US 1920," "
Jonnie,F,US 1920," "
Freeda,F,US 1920," "
Patty,F,US 1920," "
Waneta,F,US 1920," "
Zona,F,US 1920," "
Adrienne,F,US 1920," "
Cleta,F,US 1920," "
Grayce,F,US 1920," "
Maxie,F,US 1920," "
Rosamond,F,US 1920," "
Dawn,F,US 1920," "
Kitty,F,US 1920," "
Magdalen,F,US 1920," "
Magdalena,F,US 1920," "
Myrl,F,US 1920," "
Arvilla,F,US 1920," "
Lennie,F,US 1920," "
Libby,F,US 1920," "
Macie,F,US 1920," "
Ossie,F,US 1920," "
Pattie,F,US 1920," "
Annis,F,US 1920," "
Bess,F,US 1920," "
Deborah,F,US 1920," "
Ellie,F,US 1920," "
Jacquelyn,F,US 1920," "
Jettie,F,US 1920," "
Neta,F,US 1920," "
Thomas,F,US 1920," "
Yoshiko,F,US 1920," "
Bernita,F,US 1920," "
Clarissa,F,US 1920," "
Elizebeth,F,US 1920," "
Ira,F,US 1920," "
Lilian,F,US 1920," "
Lucie,F,US 1920," "
Roselyn,F,US 1920," "
Sudie,F,US 1920," "
Diane,F,US 1920," "
Naoma,F,US 1920," "
Zoe,F,US 1920," "
Ardell,F,US 1920," "
Colleen,F,US 1920," "
Adelina,F,US 1920," "
Pat,F,US 1920," "
Ardella,F,US 1920," "
Elvina,F,US 1920," "
Norene,F,US 1920," "
Rozella,F,US 1920," "
Altha,F,US 1920," "
Edyth,F,US 1920," "
Emmie,F,US 1920," "
Lilla,F,US 1920," "
Nathalie,F,US 1920," "
Pearle,F,US 1920," "
Rosaline,F,US 1920," "
Socorro,F,US 1920," "
Sonia,F,US 1920," "
Stasia,F,US 1920," "
Viva,F,US 1920," "
Dimple,F,US 1920," "
Meredith,F,US 1920," "
Nedra,F,US 1920," "
Paul,F,US 1920," "
Rosalia,F,US 1920," "
Stephania,F,US 1920," "
Elease,F,US 1920," "
Loyce,F,US 1920," "
Prudence,F,US 1920," "
Alverta,F,US 1920," "
Enola,F,US 1920," "
Laurine,F,US 1920," "
Myrle,F,US 1920," "
Romaine,F,US 1920," "
Beverley,F,US 1920," "
Dominga,F,US 1920," "
Eda,F,US 1920," "
Elinore,F,US 1920," "
Eugenie,F,US 1920," "
Francine,F,US 1920," "
Kattie,F,US 1920," "
Ozella,F,US 1920," "
Verdie,F,US 1920," "
Adaline,F,US 1920," "
Elvie,F,US 1920," "
Florida,F,US 1920," "
Lilyan,F,US 1920," "
Maryellen,F,US 1920," "
Palma,F,US 1920," "
Santa,F,US 1920," "
Bridget,F,US 1920," "
Doreen,F,US 1920," "
Georgetta,F,US 1920," "
Lera,F,US 1920," "
Alline,F,US 1920," "
Beaulah,F,US 1920," "
Dana,F,US 1920," "
Exie,F,US 1920," "
Fairy,F,US 1920," "
Ludie,F,US 1920," "
Lyla,F,US 1920," "
Mariam,F,US 1920," "
Reatha,F,US 1920," "
Audie,F,US 1920," "
Delpha,F,US 1920," "
Gearldine,F,US 1920," "
Laurel,F,US 1920," "
Leonor,F,US 1920," "
Walter,F,US 1920," "
Almeta,F,US 1920," "
Creola,F,US 1920," "
Dottie,F,US 1920," "
Margurite,F,US 1920," "
Mickey,F,US 1920," "
Shirlee,F,US 1920," "
Vena,F,US 1920," "
Vita,F,US 1920," "
Carlene,F,US 1920," "
Clarabelle,F,US 1920," "
Harold,F,US 1920," "
Henry,F,US 1920," "
Ines,F,US 1920," "
Josefa,F,US 1920," "
Kathlyn,F,US 1920," "
Marybelle,F,US 1920," "
Queenie,F,US 1920," "
Willia,F,US 1920," "
Aldona,F,US 1920," "
Ana,F,US 1920," "
Dale,F,US 1920," "
Frank,F,US 1920," "
Arthur,F,US 1920," "
Augustine,F,US 1920," "
Edward,F,US 1920," "
Hildegarde,F,US 1920," "
Jamie,F,US 1920," "
Versie,F,US 1920," "
Vinnie,F,US 1920," "
Catalina,F,US 1920," "
Charity,F,US 1920," "
Christene,F,US 1920," "
Delilah,F,US 1920," "
Dorathy,F,US 1920," "
Fae,F,US 1920," "
Wynona,F,US 1920," "
Blossom,F,US 1920," "
Erlene,F,US 1920," "
Eulah,F,US 1920," "
Greta,F,US 1920," "
Lea,F,US 1920," "
Leo,F,US 1920," "
Lynn,F,US 1920," "
Maurice,F,US 1920," "
Verlie,F,US 1920," "
Denise,F,US 1920," "
Erline,F,US 1920," "
Eudora,F,US 1920," "
Leda,F,US 1920," "
Lilia,F,US 1920," "
Merry,F,US 1920," "
Nila,F,US 1920," "
Tomasa,F,US 1920," "
Venita,F,US 1920," "
Burnice,F,US 1920," "
Clarine,F,US 1920," "
Cleora,F,US 1920," "
Jack,F,US 1920," "
Juliana,F,US 1920," "
Laurene,F,US 1920," "
Lavera,F,US 1920," "
Lorayne,F,US 1920," "
Marylou,F,US 1920," "
Oneta,F,US 1920," "
Sofia,F,US 1920," "
Audry,F,US 1920," "
Goldia,F,US 1920," "
Hermina,F,US 1920," "
Herminia,F,US 1920," "
Letitia,F,US 1920," "
Louis,F,US 1920," "
Margarete,F,US 1920," "
Melissa,F,US 1920," "
Rutha,F,US 1920," "
Santos,F,US 1920," "
Elberta,F,US 1920," "
Elenor,F,US 1920," "
Euna,F,US 1920," "
Lorenza,F,US 1920," "
Marina,F,US 1920," "
Mozella,F,US 1920," "
Susanne,F,US 1920," "
Tiny,F,US 1920," "
Aleen,F,US 1920," "
Benita,F,US 1920," "
Ena,F,US 1920," "
Fumiko,F,US 1920," "
Gay,F,US 1920," "
Helyn,F,US 1920," "
Ivory,F,US 1920," "
Katy,F,US 1920," "
Nella,F,US 1920," "
Theola,F,US 1920," "
Veva,F,US 1920," "
Virgil,F,US 1920," "
Amie,F,US 1920," "
Clifford,F,US 1920," "
Cruz,F,US 1920," "
Loma,F,US 1920," "
Lorean,F,US 1920," "
Mammie,F,US 1920," "
Marlene,F,US 1920," "
Maybell,F,US 1920," "
Thora,F,US 1920," "
Afton,F,US 1920," "
Billy,F,US 1920," "
Clemmie,F,US 1920," "
Elenore,F,US 1920," "
Ellamae,F,US 1920," "
Elois,F,US 1920," "
Etha,F,US 1920," "
Eveline,F,US 1920," "
Gregoria,F,US 1920," "
Kiyoko,F,US 1920," "
Luisa,F,US 1920," "
Lurline,F,US 1920," "