Nguyen,US Asian
Lee,US Asian
Kim,US Asian
Patel,US Asian
Tran,US Asian
Chen,US Asian
Wong,US Asian
Le,US Asian
Yang,US Asian
Wang,US Asian
Chang,US Asian
Chan,US Asian
Pham,US Asian
Li,US Asian
Park,US Asian
Singh,US Asian
Lin,US Asian
Liu,US Asian
Wu,US Asian
Huang,US Asian
Lam,US Asian
Huynh,US Asian
Ho,US Asian
Choi,US Asian
Yu,US Asian
Shah,US Asian
Chung,US Asian
Khan,US Asian
Zhang,US Asian
Vang,US Asian
Truong,US Asian
Ng,US Asian
Phan,US Asian
Lim,US Asian
Xiong,US Asian
Vu,US Asian
Cheng,US Asian
Cho,US Asian
Vo,US Asian
Tang,US Asian
Ngo,US Asian
Chu,US Asian
Lu,US Asian
Kang,US Asian
Ly,US Asian
Hong,US Asian
Dang,US Asian
Hoang,US Asian
Do,US Asian
Chin,US Asian
Tan,US Asian
Lau,US Asian
Bui,US Asian
Kaur,US Asian
Han,US Asian
Ma,US Asian
Duong,US Asian
Leung,US Asian
Yee,US Asian
Song,US Asian
Cheung,US Asian
Ali,US Asian
Shin,US Asian
Ahmed,US Asian
Yi,US Asian
Thao,US Asian
Lai,US Asian
Hsu,US Asian
Fong,US Asian
Reyes,US Asian
Sun,US Asian
Chow,US Asian
Young,US Asian
Liang,US Asian
Lo,US Asian
Hwang,US Asian
Santos,US Asian
Cruz,US Asian
Oh,US Asian
Sharma,US Asian
Chau,US Asian
Garcia,US Asian
Ha,US Asian
Kumar,US Asian
Xu,US Asian
Desai,US Asian
Thomas,US Asian
Hu,US Asian
Luu,US Asian
Zhou,US Asian
Dinh,US Asian
Yoon,US Asian
Trinh,US Asian
Tam,US Asian
Luong,US Asian
Chong,US Asian
Chiu,US Asian
Zheng,US Asian
Cao,US Asian
Zhu,US Asian
Woo,US Asian
Zhao,US Asian
Jung,US Asian
Mai,US Asian
Ko,US Asian
Ramos,US Asian
Chun,US Asian
Her,US Asian
Smith,US Asian
Kong,US Asian
Gupta,US Asian
Yoo,US Asian
Doan,US Asian
Moua,US Asian
Kwon,US Asian
Pak,US Asian
Delacruz,US Asian
Tsai,US Asian
Mehta,US Asian
Mendoza,US Asian
Tong,US Asian
Jiang,US Asian
Bautista,US Asian
Shen,US Asian
Vue,US Asian
Su,US Asian
Thai,US Asian
Eng,US Asian
Johnson,US Asian
Dao,US Asian
Chou,US Asian
Hussain,US Asian
Pan,US Asian
Ahn,US Asian
Chao,US Asian
Kwan,US Asian
Quach,US Asian
Lor,US Asian
Rahman,US Asian
Fernandez,US Asian
Cha,US Asian
Yan,US Asian
Vuong,US Asian
Chiang,US Asian
Leong,US Asian
He,US Asian
Flores,US Asian
Fung,US Asian
Dong,US Asian
Nakamura,US Asian
To,US Asian
Choe,US Asian
Ong,US Asian
Tanaka,US Asian
Louie,US Asian
Yun,US Asian
Lopez,US Asian
Tu,US Asian
Yamamoto,US Asian
Mathew,US Asian
Deguzman,US Asian
Yuen,US Asian
Moon,US Asian
Fang,US Asian
Yeung,US Asian
Kuo,US Asian
Rivera,US Asian
Son,US Asian
Rao,US Asian
Gonzales,US Asian
Ahmad,US Asian
Moy,US Asian
Guo,US Asian
Pang,US Asian
So,US Asian
Yeh,US Asian
Perez,US Asian
Aquino,US Asian
Gill,US Asian
Reddy,US Asian
Tsang,US Asian
Williams,US Asian
Brown,US Asian
Wei,US Asian
George,US Asian
Sato,US Asian
Villanueva,US Asian
Feng,US Asian
Ta,US Asian
Saechao,US Asian
Liao,US Asian
Joseph,US Asian
Malik,US Asian
Lum,US Asian
Deleon,US Asian
Castillo,US Asian
Tom,US Asian
Jain,US Asian
Lew,US Asian
Jang,US Asian
Hung,US Asian
Fu,US Asian
Watanabe,US Asian
Fan,US Asian
Au,US Asian
Hsieh,US Asian
Amin,US Asian
Gao,US Asian
Yip,US Asian
Phung,US Asian
Ching,US Asian
Yuan,US Asian
Sung,US Asian
Tse,US Asian
Suh,US Asian
Lui,US Asian
Castro,US Asian
Peng,US Asian
Chi,US Asian
Gee,US Asian
Yim,US Asian
Jin,US Asian
An,US Asian
Hua,US Asian
Kao,US Asian
Abraham,US Asian
Van,US Asian
Hui,US Asian
Joshi,US Asian
Kwong,US Asian
Luo,US Asian
Prasad,US Asian
Martin,US Asian
Jones,US Asian
Chowdhury,US Asian
Domingo,US Asian
Miller,US Asian
Parikh,US Asian
Xie,US Asian
Shi,US Asian
Rodriguez,US Asian
Martinez,US Asian
Torres,US Asian
Diep,US Asian
Ye,US Asian
Hernandez,US Asian
Min,US Asian
Begum,US Asian
Suzuki,US Asian
Hang,US Asian
Islam,US Asian
Sanchez,US Asian
Quan,US Asian
La,US Asian
Du,US Asian
Kwok,US Asian
Davis,US Asian
Yao,US Asian
Mei,US Asian
Takahashi,US Asian
Syed,US Asian
Yen,US Asian
Lei,US Asian
Varghese,US Asian
Tseng,US Asian
Cai,US Asian
Choy,US Asian
Nam,US Asian
Hom,US Asian
Law,US Asian
Siddiqui,US Asian
David,US Asian
Santiago,US Asian
Wan,US Asian
Ling,US Asian
John,US Asian
Long,US Asian
Yin,US Asian
Tolentino,US Asian
Shih,US Asian
Thach,US Asian
Gong,US Asian
Gandhi,US Asian
King,US Asian
Bae,US Asian
Ito,US Asian
Deng,US Asian
Matsumoto,US Asian
Ramirez,US Asian
Guan,US Asian
Soriano,US Asian
Delrosario,US Asian
Mao,US Asian
Yamada,US Asian
Dizon,US Asian
Seo,US Asian
Poon,US Asian
Sandhu,US Asian
Anderson,US Asian
Mak,US Asian
Lao,US Asian
Wilson,US Asian
Im,US Asian
Zeng,US Asian
Tung,US Asian
Chon,US Asian
Qureshi,US Asian
Shim,US Asian
Koo,US Asian
Chew,US Asian
Yoshida,US Asian
Wen,US Asian
Pascual,US Asian
Jacob,US Asian
Persaud,US Asian
Ung,US Asian
Valdez,US Asian
Francisco,US Asian
Ku,US Asian
Saito,US Asian
Bhatt,US Asian
Low,US Asian
Yung,US Asian
Kobayashi,US Asian
Siu,US Asian
Tai,US Asian
Bhakta,US Asian
Corpuz,US Asian
Won,US Asian
Rhee,US Asian
Sim,US Asian
Alam,US Asian
Das,US Asian
Man,US Asian
Kato,US Asian
Mui,US Asian
Ton,US Asian
Kimura,US Asian
Higa,US Asian
Sok,US Asian
Navarro,US Asian
Chaudhry,US Asian
Chien,US Asian
Diaz,US Asian
You,US Asian
Mercado,US Asian
Gutierrez,US Asian
Kwak,US Asian
Gu,US Asian
Sam,US Asian
Yap,US Asian
Sin,US Asian
Mohammed,US Asian
Jun,US Asian
Nair,US Asian
Rana,US Asian
Thompson,US Asian
Taylor,US Asian
Chea,US Asian
Lieu,US Asian
Roy,US Asian
Vong,US Asian
Yong,US Asian
Miranda,US Asian
Iqbal,US Asian
Gomez,US Asian
Hou,US Asian
Oshiro,US Asian
Xiao,US Asian
Tao,US Asian
Medina,US Asian
Shaikh,US Asian
Jeong,US Asian
Morales,US Asian
Ting,US Asian
Go,US Asian
Chua,US Asian
Bhatia,US Asian
Ignacio,US Asian
Sasaki,US Asian
Paul,US Asian
Ocampo,US Asian
Javier,US Asian
Dhillon,US Asian
Tsui,US Asian
Moore,US Asian
Hayashi,US Asian
Zhong,US Asian
Pascua,US Asian
Verma,US Asian
Koh,US Asian
Manuel,US Asian
Velasco,US Asian
Yau,US Asian
Mar,US Asian
Fernando,US Asian
White,US Asian
Teng,US Asian
Hossain,US Asian
Sheth,US Asian
Dejesus,US Asian
Sheikh,US Asian
Loo,US Asian
Kam,US Asian
Devera,US Asian
Ding,US Asian
Hasan,US Asian
Trieu,US Asian
Angeles,US Asian
Dai,US Asian
Dave,US Asian
Yamaguchi,US Asian
Jimenez,US Asian
Kung,US Asian
Ferrer,US Asian
Antonio,US Asian
Chuang,US Asian
Jose,US Asian
Bang,US Asian
Grewal,US Asian
Espiritu,US Asian
Murakami,US Asian
Sidhu,US Asian
Salvador,US Asian
Enriquez,US Asian
Mahmood,US Asian
Ou,US Asian
Arora,US Asian
Agarwal,US Asian
Silva,US Asian
Sakamoto,US Asian
Lewis,US Asian
Ni,US Asian
Samuel,US Asian
Szeto,US Asian
Hall,US Asian
Gonzalez,US Asian
Lay,US Asian
Uddin,US Asian
Trivedi,US Asian
Hashimoto,US Asian
Shimizu,US Asian
Clark,US Asian
Uy,US Asian
Fujimoto,US Asian
Ham,US Asian
Marquez,US Asian
Hassan,US Asian
Weng,US Asian
Chai,US Asian
Guerrero,US Asian
Ikeda,US Asian
Kan,US Asian
Aguilar,US Asian
Giang,US Asian
Asuncion,US Asian
Agustin,US Asian
Srinivasan,US Asian
Evangelista,US Asian
Mariano,US Asian
Sy,US Asian
Mistry,US Asian
Cortez,US Asian
Inouye,US Asian
Heng,US Asian
Ancheta,US Asian
Keo,US Asian
Harris,US Asian
Nishimura,US Asian
Pineda,US Asian
Tsao,US Asian
Nakagawa,US Asian
Lal,US Asian
Hsiao,US Asian
Delossantos,US Asian
Paik,US Asian
Delosreyes,US Asian
Nelson,US Asian
Saelee,US Asian
Sison,US Asian
Sinha,US Asian
Sarmiento,US Asian
Jackson,US Asian
Romero,US Asian
Mirza,US Asian
Peralta,US Asian
Yamashita,US Asian
Kuang,US Asian
Cabrera,US Asian
Kaneshiro,US Asian
Concepcion,US Asian
Abe,US Asian
Manalo,US Asian
Mo,US Asian
Ji,US Asian
Jo,US Asian
Seto,US Asian
Pandya,US Asian
Mori,US Asian
Hahn,US Asian
Ang,US Asian
Chacko,US Asian
Jeon,US Asian
Mann,US Asian
Fujii,US Asian
Alvarez,US Asian
Parekh,US Asian
Chandra,US Asian
Mok,US Asian
Okamoto,US Asian
Bhatti,US Asian
Kapoor,US Asian
Shaw,US Asian
Kulkarni,US Asian
Joo,US Asian
Mah,US Asian
Lou,US Asian
Qiu,US Asian
Allen,US Asian
James,US Asian
Chae,US Asian
Krishnan,US Asian
Vyas,US Asian
Ren,US Asian
Akhtar,US Asian
Sakai,US Asian
Saephan,US Asian
Robinson,US Asian
Baker,US Asian
Adams,US Asian
Shao,US Asian
Banh,US Asian
Pai,US Asian
Lien,US Asian
Ghosh,US Asian
Ono,US Asian
Abad,US Asian
Joe,US Asian
Xia,US Asian
Miyamoto,US Asian
Baek,US Asian
Acosta,US Asian
Salazar,US Asian
Trang,US Asian
Dam,US Asian
Valencia,US Asian
Iyer,US Asian
Nakano,US Asian
Choudhury,US Asian
Saetern,US Asian
Zou,US Asian
Huh,US Asian
Ruiz,US Asian
Matsuda,US Asian
Philip,US Asian
Saini,US Asian
Wright,US Asian
Alexander,US Asian
Walker,US Asian
Trinidad,US Asian
Sohn,US Asian
Meng,US Asian
Lan,US Asian
Shu,US Asian
Baig,US Asian
Hill,US Asian
Haque,US Asian
Rashid,US Asian
Tieu,US Asian
Subramanian,US Asian
Scott,US Asian
Alcantara,US Asian
Rai,US Asian
Roberts,US Asian
Legaspi,US Asian
Phu,US Asian
Guzman,US Asian
Byun,US Asian
Padilla,US Asian
Malhotra,US Asian
Tien,US Asian
Anand,US Asian
Bains,US Asian
Karim,US Asian
Zhen,US Asian
Samson,US Asian
Maeda,US Asian
Ogawa,US Asian
Seng,US Asian
Hyun,US Asian
Galang,US Asian
Andres,US Asian
Shum,US Asian
Okada,US Asian
Khang,US Asian
Bernardo,US Asian
Gabriel,US Asian
Naik,US Asian
Estrada,US Asian
Molina,US Asian
Shukla,US Asian
Agrawal,US Asian
Ansari,US Asian
Butt,US Asian
Modi,US Asian
Thakkar,US Asian
Ota,US Asian
Chee,US Asian
Khanna,US Asian
Ray,US Asian
Chand,US Asian
Ro,US Asian
Kapadia,US Asian
Honda,US Asian
Harada,US Asian
Toy,US Asian
Campbell,US Asian
Zaman,US Asian
Daniel,US Asian
Qian,US Asian
Loh,US Asian
Dhaliwal,US Asian
Luk,US Asian
Phillips,US Asian
Tamura,US Asian
Taing,US Asian
Ishii,US Asian
Serrano,US Asian
Tian,US Asian
Ju,US Asian
Morita,US Asian
Chopra,US Asian
Mong,US Asian
Cui,US Asian
Parmar,US Asian
Rizvi,US Asian
Yamasaki,US Asian
Ip,US Asian
Soni,US Asian
Luna,US Asian
Mohan,US Asian
Chinn,US Asian
Mark,US Asian
Ying,US Asian
Fajardo,US Asian
Rosario,US Asian
Yue,US Asian
Ram,US Asian
Merchant,US Asian
Mohamed,US Asian
Aoki,US Asian
Fujita,US Asian
Simon,US Asian
Lowe,US Asian
Vergara,US Asian
Sum,US Asian
Decastro,US Asian
Aziz,US Asian
Mun,US Asian
Husain,US Asian
Ortiz,US Asian
Sen,US Asian
Hasegawa,US Asian
Ishikawa,US Asian
Borja,US Asian
Hur,US Asian
Arakaki,US Asian
Gan,US Asian
Bai,US Asian
Dsouza,US Asian
Ruan,US Asian
Mitchell,US Asian
Viray,US Asian
Peterson,US Asian
Ventura,US Asian
Miyashiro,US Asian
Parker,US Asian
Masuda,US Asian
Menon,US Asian
Herrera,US Asian
Mathews,US Asian
Doshi,US Asian
Carter,US Asian
Raza,US Asian
Xue,US Asian
Situ,US Asian
Green,US Asian
Wada,US Asian
Lang,US Asian
Mishra,US Asian
Khuu,US Asian
Garg,US Asian
Srivastava,US Asian
Sethi,US Asian
Ryu,US Asian
Narayan,US Asian
Nakamoto,US Asian
Evans,US Asian
Delarosa,US Asian
Co,US Asian
Fukuda,US Asian
Camacho,US Asian
Mathur,US Asian
Lucas,US Asian
Nakashima,US Asian
Luc,US Asian
Mohammad,US Asian
Gomes,US Asian
San,US Asian
Morris,US Asian
Whang,US Asian
Endo,US Asian
Brar,US Asian
Rehman,US Asian
Fernandes,US Asian
Ngai,US Asian
Goto,US Asian
Zaidi,US Asian
Mallari,US Asian
Nakayama,US Asian
Natividad,US Asian
Chauhan,US Asian
Rosales,US Asian
See,US Asian
Cook,US Asian
Lorenzo,US Asian
Murphy,US Asian
Yoshimura,US Asian
Choo,US Asian
Pangilinan,US Asian
Nakata,US Asian
Banerjee,US Asian
Kelly,US Asian
Pal,US Asian
Than,US Asian
Varughese,US Asian
Edwards,US Asian
Briones,US Asian
Che,US Asian
Carlos,US Asian
Robles,US Asian
Wood,US Asian
Hirata,US Asian
Mac,US Asian
Hamada,US Asian
Aggarwal,US Asian
Som,US Asian
Noh,US Asian
Patil,US Asian
Saeteurn,US Asian
Sebastian,US Asian
Nicolas,US Asian
Thor,US Asian
Cherian,US Asian
Inoue,US Asian
Rogers,US Asian
Soohoo,US Asian
Chawla,US Asian
Lakhani,US Asian
Chui,US Asian
Dy,US Asian
Carino,US Asian
Austria,US Asian
Qu,US Asian
Oda,US Asian
Momin,US Asian
Beltran,US Asian
Mach,US Asian
Anwar,US Asian
Kondo,US Asian
Roque,US Asian
Juan,US Asian
Miguel,US Asian
Tamayo,US Asian
Nomura,US Asian
Doi,US Asian
Kawamoto,US Asian
Takeuchi,US Asian
Meas,US Asian
Paek,US Asian
Stewart,US Asian
Perera,US Asian
Rajan,US Asian
Qin,US Asian
Jan,US Asian
Cheema,US Asian
Prakash,US Asian
Collins,US Asian
No,US Asian
Mateo,US Asian
Gin,US Asian
Youn,US Asian
Tso,US Asian
Nagata,US Asian
Morgan,US Asian
Sales,US Asian
Yam,US Asian
Cheong,US Asian
Kurian,US Asian
Dalal,US Asian
Randhawa,US Asian
Cordero,US Asian
Goel,US Asian
Mathai,US Asian
Jew,US Asian
Pathak,US Asian
Hara,US Asian
Watson,US Asian
Sheng,US Asian
Chaudhary,US Asian
Hao,US Asian
Um,US Asian
Mukherjee,US Asian
Vora,US Asian
Kue,US Asian
Kothari,US Asian
Hsia,US Asian
Auyeung,US Asian
Ashraf,US Asian
Raj,US Asian
Raja,US Asian
Cunanan,US Asian
Tat,US Asian
Villegas,US Asian
Turner,US Asian
Kawamura,US Asian
Vasquez,US Asian
Saxena,US Asian
Sultana,US Asian
Shimabukuro,US Asian
Bhat,US Asian
Kubota,US Asian
Yokoyama,US Asian
Bartolome,US Asian
Chavez,US Asian
Quon,US Asian
Pillai,US Asian
Khalid,US Asian
Liou,US Asian
Atienza,US Asian
Esguerra,US Asian
Shankar,US Asian
Saeed,US Asian
Zamora,US Asian
Lok,US Asian
Bell,US Asian
Kinoshita,US Asian
Crisostomo,US Asian
Saha,US Asian
Ishida,US Asian
Gamboa,US Asian
Guevarra,US Asian
Cooper,US Asian
Miura,US Asian
Morimoto,US Asian
Chia,US Asian
Tuazon,US Asian
Reed,US Asian
Mendiola,US Asian
Yoshioka,US Asian
Ogata,US Asian
Canlas,US Asian
Ballesteros,US Asian
Bailey,US Asian
Nishimoto,US Asian
Baltazar,US Asian
Shrestha,US Asian
Jen,US Asian
Jue,US Asian
Aslam,US Asian
Yeo,US Asian
Viloria,US Asian
Raman,US Asian
Bajwa,US Asian
Campos,US Asian
Chatterjee,US Asian
Padua,US Asian
Uyeda,US Asian
Phuong,US Asian
Peters,US Asian
Qi,US Asian
Espinosa,US Asian
Saleem,US Asian
Ramachandran,US Asian
Gray,US Asian
Vargas,US Asian
Huey,US Asian
Taniguchi,US Asian
Desilva,US Asian
Ouyang,US Asian
Munoz,US Asian
Haq,US Asian
Pena,US Asian
Valenzuela,US Asian
Sood,US Asian
Abbas,US Asian
Sarkar,US Asian
Ahuja,US Asian
Thong,US Asian
Okamura,US Asian
Ortega,US Asian
Murthy,US Asian
Rodrigues,US Asian
Khatri,US Asian
Narayanan,US Asian
Foster,US Asian
Castaneda,US Asian
Ward,US Asian
Pablo,US Asian
Manzano,US Asian
Ross,US Asian
Miao,US Asian
Shieh,US Asian
Shetty,US Asian
Sze,US Asian
Magno,US Asian
Murata,US Asian
Uchida,US Asian
Raju,US Asian
Shibata,US Asian
Roxas,US Asian
Suarez,US Asian
Velasquez,US Asian
Esteban,US Asian
Sullivan,US Asian
Cox,US Asian
Salas,US Asian
Higashi,US Asian
Brooks,US Asian
Blanco,US Asian
Kawakami,US Asian
Goyal,US Asian
Varma,US Asian
Kha,US Asian
Alfonso,US Asian
Kawasaki,US Asian
Haider,US Asian
Tomita,US Asian
Suen,US Asian
Bennett,US Asian
Nhan,US Asian
Deshpande,US Asian
Goo,US Asian
Perry,US Asian
Puri,US Asian
Lung,US Asian
Arellano,US Asian
Siddiqi,US Asian
Tham,US Asian
Datta,US Asian
Howard,US Asian
Yamauchi,US Asian
Aguinaldo,US Asian
Sevilla,US Asian
Dominguez,US Asian
Stevens,US Asian
Price,US Asian
Pon,US Asian
In,US Asian
Jia,US Asian
Mejia,US Asian
Custodio,US Asian
May,US Asian
Pereira,US Asian
Bhagat,US Asian
Mitra,US Asian
Chanthavong,US Asian
Pho,US Asian
Takeda,US Asian
Guillermo,US Asian
Ing,US Asian
Alonzo,US Asian
Hirano,US Asian
Solomon,US Asian
Nguy,US Asian
Pasion,US Asian
Goh,US Asian
Solis,US Asian
Tram,US Asian
Miah,US Asian
Foo,US Asian
Matsumura,US Asian
Franco,US Asian
Moreno,US Asian
Sao,US Asian
Voong,US Asian
Francis,US Asian
Lazaro,US Asian
Seth,US Asian
Nakasone,US Asian
Nishida,US Asian
Spencer,US Asian
Galvez,US Asian
Ouk,US Asian
Russell,US Asian
Shan,US Asian
Nghiem,US Asian
Cristobal,US Asian
Henry,US Asian
Kee,US Asian
,
