A Mable,M,US Civil War," "
Aaron,M,US Civil War," "
Aaron ,M,US Civil War," "
Abel,M,US Civil War," "
Abiathar,M,US Civil War," "
Abijah,M,US Civil War," "
Abisha,M,US Civil War," "
Abisher,M,US Civil War," "
Able,M,US Civil War," "
Abner,M,US Civil War," "
Abraham,M,US Civil War," "
Abraham ,M,US Civil War," "
Abraham Bates,M,US Civil War," "
Abram,M,US Civil War," "
Absalom,M,US Civil War," "
Absolem,M,US Civil War," "
Absolom,M,US Civil War," "
Achille,M,US Civil War," "
Adam,M,US Civil War," "
Addison,M,US Civil War," "
Adelbert,M,US Civil War," "
Aden,M,US Civil War," "
Adison,M,US Civil War," "
Admice,M,US Civil War," "
Adnah,M,US Civil War," "
Adolph ,M,US Civil War," "
Adoniram,M,US Civil War," "
Aj,M,US Civil War," "
Alanson,M,US Civil War," "
Albert,M,US Civil War," "
Alberto,M,US Civil War," "
Albion,M,US Civil War," "
Alden,M,US Civil War," "
Alex,M,US Civil War," "
Alexander,M,US Civil War," "
Alexander ,M,US Civil War," "
Alford,M,US Civil War," "
Alford ,M,US Civil War," "
Alfred,M,US Civil War," "
Alfredo,M,US Civil War," "
Alle,M,US Civil War," "
Allen,M,US Civil War," "
Alma,M,US Civil War," "
Almanzo,M,US Civil War," "
Almon,M,US Civil War," "
Almond,M,US Civil War," "
Aloin,M,US Civil War," "
Alonzo,M,US Civil War," "
Aloy,M,US Civil War," "
Alozo,M,US Civil War," "
Alpheus,M,US Civil War," "
Alphin,M,US Civil War," "
Alphonso,M,US Civil War," "
Alphonzo,M,US Civil War," "
Alphues,M,US Civil War," "
Alva,M,US Civil War," "
Alvah,M,US Civil War," "
Alvin,M,US Civil War," "
Alvis,M,US Civil War," "
Amariah,M,US Civil War," "
Amasa,M,US Civil War," "
Amassa,M,US Civil War," "
Ambros,M,US Civil War," "
Ambrose,M,US Civil War," "
Americus,M,US Civil War," "
Amon,M,US Civil War," "
Amos,M,US Civil War," "
Amza,M,US Civil War," "
Anasa,M,US Civil War," "
Anatolo,M,US Civil War," "
Anderson,M,US Civil War," "
Andreas,M,US Civil War," "
Andrew,M,US Civil War," "
Andrew ,M,US Civil War," "
Andrews,M,US Civil War," "
And'w,M,US Civil War," "
Andy,M,US Civil War," "
Anehibeh,M,US Civil War," "
Annoa,M,US Civil War," "
Ansel,M,US Civil War," "
Anslem,M,US Civil War," "
Anson,M,US Civil War," "
Anth,M,US Civil War," "
Anthony,M,US Civil War," "
Anton,M,US Civil War," "
Antonio,M,US Civil War," "
Apperson,M,US Civil War," "
Arad,M,US Civil War," "
Arch,M,US Civil War," "
Archbull,M,US Civil War," "
Arch'd,M,US Civil War," "
Archibald,M,US Civil War," "
Archy,M,US Civil War," "
Aretas,M,US Civil War," "
Armstead,M,US Civil War," "
Army,M,US Civil War," "
Arnold,M,US Civil War," "
Aron,M,US Civil War," "
Arrington,M,US Civil War," "
Arthur,M,US Civil War," "
Arthur ,M,US Civil War," "
Artimus,M,US Civil War," "
Arvander,M,US Civil War," "
Asa,M,US Civil War," "
Asabel,M,US Civil War," "
Asahel,M,US Civil War," "
Asaph,M,US Civil War," "
Asbery,M,US Civil War," "
Asbury,M,US Civil War," "
Asher,M,US Civil War," "
Ashley,M,US Civil War," "
Asmus,M,US Civil War," "
Atrhur,M,US Civil War," "
Atwater,M,US Civil War," "
Aug,M,US Civil War," "
August,M,US Civil War," "
Augustas,M,US Civil War," "
Auguste,M,US Civil War," "
Augustine,M,US Civil War," "
Augustu,M,US Civil War," "
Augustus,M,US Civil War," "
Austin,M,US Civil War," "
Autebridge,M,US Civil War," "
Avery,M,US Civil War," "
Bailey,M,US Civil War," "
Balsan,M,US Civil War," "
Baltzer,M,US Civil War," "
Balzer,M,US Civil War," "
Bangs,M,US Civil War," "
Barlow,M,US Civil War," "
Barnabas ,M,US Civil War," "
Barnard,M,US Civil War," "
Barnely,M,US Civil War," "
Barnett,M,US Civil War," "
Barney,M,US Civil War," "
Barnhart,M,US Civil War," "
Barnum,M,US Civil War," "
Bartemus,M,US Civil War," "
Bartholome,M,US Civil War," "
Bartholomew,M,US Civil War," "
Bartlett,M,US Civil War," "
Barton,M,US Civil War," "
Basil,M,US Civil War," "
Baxter,M,US Civil War," "
Bayles,M,US Civil War," "
Bazaleel,M,US Civil War," "
Beal,M,US Civil War," "
Bedford,M,US Civil War," "
Bela,M,US Civil War," "
Ben,M,US Civil War," "
Benedict,M,US Civil War," "
Benj,M,US Civil War," "
Benj ,M,US Civil War," "
Benjamin,M,US Civil War," "
Benjamin ,M,US Civil War," "
Benjamin Webb,M,US Civil War," "
Benj'n 3rd,M,US Civil War," "
Bennett,M,US Civil War," "
Bentley,M,US Civil War," "
Benton,M,US Civil War," "
Bernando,M,US Civil War," "
Bernard,M,US Civil War," "
Bernhardt,M,US Civil War," "
Berry,M,US Civil War," "
Bery,M,US Civil War," "
Bethuel,M,US Civil War," "
Bezer,M,US Civil War," "
Billy,M,US Civil War," "
Biram,M,US Civil War," "
Birch,M,US Civil War," "
Bird,M,US Civil War," "
Bishop,M,US Civil War," "
Blaxton,M,US Civil War," "
Bond,M,US Civil War," "
Booker,M,US Civil War," "
Bradford,M,US Civil War," "
Bradley,M,US Civil War," "
Branville,M,US Civil War," "
Brenster,M,US Civil War," "
Brewster,M,US Civil War," "
Brice,M,US Civil War," "
Briggs,M,US Civil War," "
Brigham,M,US Civil War," "
Brittain,M,US Civil War," "
Bruno,M,US Civil War," "
Bryam,M,US Civil War," "
Bryant,M,US Civil War," "
Buenavista,M,US Civil War," "
Buford,M,US Civil War," "
Burrage,M,US Civil War," "
Burrill,M,US Civil War," "
Burris,M,US Civil War," "
Burritt,M,US Civil War," "
Burt,M,US Civil War," "
Burtin,M,US Civil War," "
Burton,M,US Civil War," "
Bushrod,M,US Civil War," "
Byron,M,US Civil War," "
Byron Leslie,M,US Civil War," "
C W ,M,US Civil War," "
Caleb,M,US Civil War," "
Callet,M,US Civil War," "
Calvin,M,US Civil War," "
Calvin ,M,US Civil War," "
Campbell,M,US Civil War," "
Carey,M,US Civil War," "
Carl,M,US Civil War," "
Carlo,M,US Civil War," "
Carney,M,US Civil War," "
Carr,M,US Civil War," "
Carroll,M,US Civil War," "
Case,M,US Civil War," "
Casper,M,US Civil War," "
Cassius,M,US Civil War," "
Caswell,M,US Civil War," "
Chad,M,US Civil War," "
Chandler,M,US Civil War," "
Channing,M,US Civil War," "
Chapman,M,US Civil War," "
Charfes,M,US Civil War," "
Charles,M,US Civil War," "
Charles ,M,US Civil War," "
Charles Edwin,M,US Civil War," "
Charles James,M,US Civil War," "
Chas,M,US Civil War," "
Chauncey,M,US Civil War," "
Chesley,M,US Civil War," "
Chester,M,US Civil War," "
Chrisrophe,M,US Civil War," "
Christ,M,US Civil War," "
Christe,M,US Civil War," "
Christfield,M,US Civil War," "
Christiam,M,US Civil War," "
Christian,M,US Civil War," "
Christophe,M,US Civil War," "
Christopher,M,US Civil War," "
Christopher ,M,US Civil War," "
Church,M,US Civil War," "
Cincinnati,M,US Civil War," "
Cincinnatus ,M,US Civil War," "
Clarence,M,US Civil War," "
Clark,M,US Civil War," "
Clarkson,M,US Civil War," "
Claudius,M,US Civil War," "
Claus,M,US Civil War," "
Clause,M,US Civil War," "
Clay,M,US Civil War," "
Claybourn,M,US Civil War," "
Clayton,M,US Civil War," "
Clement,M,US Civil War," "
Cleveland,M,US Civil War," "
Clifton,M,US Civil War," "
Clinton,M,US Civil War," "
Cloris,M,US Civil War," "
Cloud,M,US Civil War," "
Coleman,M,US Civil War," "
Collins,M,US Civil War," "
Columbus,M,US Civil War," "
Conelius,M,US Civil War," "
Conrad,M,US Civil War," "
Corbin,M,US Civil War," "
Corn,M,US Civil War," "
Cornelius,M,US Civil War," "
Corrector,M,US Civil War," "
Cosmos,M,US Civil War," "
Costan,M,US Civil War," "
Coston,M,US Civil War," "
Courtland,M,US Civil War," "
Courtlin,M,US Civil War," "
Cromwell,M,US Civil War," "
Cross,M,US Civil War," "
Culbertson,M,US Civil War," "
Curtis,M,US Civil War," "
Cushman,M,US Civil War," "
Cyrus,M,US Civil War," "
Cyrus ,M,US Civil War," "
Cyrus Clarenc,M,US Civil War," "
Cyrus Felix,M,US Civil War," "
Terry,M,US Civil War," "
Daids,M,US Civil War," "
Dallas ,M,US Civil War," "
Damon,M,US Civil War," "
Dan,M,US Civil War," "
Dana,M,US Civil War," "
Danforth,M,US Civil War," "
Daniel,M,US Civil War," "
Danville,M,US Civil War," "
Darius,M,US Civil War," "
Dariuus,M,US Civil War," "
David ,M,US Civil War," "
David Eugene,M,US Civil War," "
David A317Franklin,M,US Civil War," "
David Lee,M,US Civil War," "
David Willard,M,US Civil War," "
Davidson,M,US Civil War," "
Delaima,M,US Civil War," "
Delmar,M,US Civil War," "
Delong,M,US Civil War," "
Delos,M,US Civil War," "
Deloss,M,US Civil War," "
Demetrius,M,US Civil War," "
Dencortny,M,US Civil War," "
Dennis,M,US Civil War," "
Dependence,M,US Civil War," "
Detlef,M,US Civil War," "
Dewey,M,US Civil War," "
Dewitt,M,US Civil War," "
Dexter,M,US Civil War," "
Diamond,M,US Civil War," "
Diedrick,M,US Civil War," "
Dillis,M,US Civil War," "
Dimon,M,US Civil War," "
Diton,M,US Civil War," "
Dixon,M,US Civil War," "
Doffels,M,US Civil War," "
Dominick,M,US Civil War," "
Dominico,M,US Civil War," "
Don,M,US Civil War," "
Donald,M,US Civil War," "
Doniphan,M,US Civil War," "
Douglass,M,US Civil War," "
Dow,M,US Civil War," "
Duane,M,US Civil War," "
Dudley,M,US Civil War," "
Dwight Lewis,M,US Civil War," "
Eabud,M,US Civil War," "
Earl,M,US Civil War," "
Earnest,M,US Civil War," "
Eatward,M,US Civil War," "
Ebanezer,M,US Civil War," "
Eben,M,US Civil War," "
Ebenezer,M,US Civil War," "
Ebenzer,M,US Civil War," "
Eber,M,US Civil War," "
Ed,M,US Civil War," "
Edgar,M,US Civil War," "
Edley,M,US Civil War," "
Edmond,M,US Civil War," "
Edmund,M,US Civil War," "
Edson,M,US Civil War," "
Edue,M,US Civil War," "
Edward,M,US Civil War," "
Edward ,M,US Civil War," "
Edwards,M,US Civil War," "
Edwin,M,US Civil War," "
Egbert,M,US Civil War," "
Elbert,M,US Civil War," "
Elbridge,M,US Civil War," "
Eldad,M,US Civil War," "
Eldred,M,US Civil War," "
Eldridge,M,US Civil War," "
Eleania,M,US Civil War," "
Eleazer,M,US Civil War," "
Elemuel,M,US Civil War," "
Elgin,M,US Civil War," "
Eli,M,US Civil War," "
Eli ,M,US Civil War," "
Eli John,M,US Civil War," "
Eliab,M,US Civil War," "
Eliah,M,US Civil War," "
Elias,M,US Civil War," "
Elias ,M,US Civil War," "
Elihu,M,US Civil War," "
Elijah,M,US Civil War," "
Eliphalet,M,US Civil War," "
Elis,M,US Civil War," "
Elisha,M,US Civil War," "
Elisha Dewolf,M,US Civil War," "
Elizah,M,US Civil War," "
Elizur,M,US Civil War," "
Elliaman,M,US Civil War," "
Elliott,M,US Civil War," "
Elliott David,M,US Civil War," "
Ellis,M,US Civil War," "
Ellis ,M,US Civil War," "
Elmedons,M,US Civil War," "
Elmer,M,US Civil War," "
Elmore,M,US Civil War," "
Elnathan,M,US Civil War," "
Elon,M,US Civil War," "
Elonzo,M,US Civil War," "
Elvin Farmer,M,US Civil War," "
Elwood,M,US Civil War," "
Em,M,US Civil War," "
Emanuel,M,US Civil War," "
Emas,M,US Civil War," "
Embry,M,US Civil War," "
Emerson,M,US Civil War," "
Emile,M,US Civil War," "
Emmiel,M,US Civil War," "
Emoa,M,US Civil War," "
Emory,M,US Civil War," "
Empaminonda,M,US Civil War," "
Emsley,M,US Civil War," "
Emson,M,US Civil War," "
Endman,M,US Civil War," "
Enoch,M,US Civil War," "
Enoch ,M,US Civil War," "
Enos,M,US Civil War," "
Ensebe,M,US Civil War," "
Ensign,M,US Civil War," "
Eorge,M,US Civil War," "
Epenetus,M,US Civil War," "
Ephraim,M,US Civil War," "
Ephrain,M,US Civil War," "
Ephriam,M,US Civil War," "
Erasmus,M,US Civil War," "
Erastus,M,US Civil War," "
Eri,M,US Civil War," "
Ernest,M,US Civil War," "
Ernst,M,US Civil War," "
Erskin,M,US Civil War," "
Erskine,M,US Civil War," "
Ervin,M,US Civil War," "
Erwin,M,US Civil War," "
Esquire,M,US Civil War," "
Esquire ,M,US Civil War," "
Essaria,M,US Civil War," "
Estes,M,US Civil War," "
Ethan,M,US Civil War," "
Eugene,M,US Civil War," "
Eugenius,M,US Civil War," "
Evan,M,US Civil War," "
Evan ,M,US Civil War," "
Everett,M,US Civil War," "
Ezekiel,M,US Civil War," "
Ezra,M,US Civil War," "
Ezroom,M,US Civil War," "
Faltine,M,US Civil War," "
Felix,M,US Civil War," "
Ferdinand,M,US Civil War," "
Ferdinand J ,M,US Civil War," "
Fergus,M,US Civil War," "
Fernando,M,US Civil War," "
Ferry,M,US Civil War," "
Findley,M,US Civil War," "
Finley,M,US Civil War," "
Finnesse,M,US Civil War," "
Flavius,M,US Civil War," "
Fleming,M,US Civil War," "
Flemon,M,US Civil War," "
Floran,M,US Civil War," "
Florant,M,US Civil War," "
Flouyd,M,US Civil War," "
Floyd,M,US Civil War," "
Fortuna,M,US Civil War," "
Frances,M,US Civil War," "
Francis,M,US Civil War," "
Franco,M,US Civil War," "
Frank,M,US Civil War," "
Frank ,M,US Civil War," "
Franklin,M,US Civil War," "
Franz,M,US Civil War," "
Fred,M,US Civil War," "
Frederic,M,US Civil War," "
Frederick,M,US Civil War," "
Freeland,M,US Civil War," "
Freeman,M,US Civil War," "
Freeman ,M,US Civil War," "
Frelinghuryso,M,US Civil War," "
Friar,M,US Civil War," "
Fridelon,M,US Civil War," "
Friderich,M,US Civil War," "
Friedrich,M,US Civil War," "
Frisby,M,US Civil War," "
Fritz August,M,US Civil War," "
Fry,M,US Civil War," "
Furman,M,US Civil War," "
Gaberial,M,US Civil War," "
Gabriel,M,US Civil War," "
Gaines,M,US Civil War," "
Garden,M,US Civil War," "
Gardiner,M,US Civil War," "
Gardner,M,US Civil War," "
Garett,M,US Civil War," "
Garret,M,US Civil War," "
Garrett,M,US Civil War," "
Gassaway,M,US Civil War," "
Gates,M,US Civil War," "
Gavett,M,US Civil War," "
General,M,US Civil War," "
Geo,M,US Civil War," "
Geo ,M,US Civil War," "
Georga,M,US Civil War," "
George,M,US Civil War," "
George ,M,US Civil War," "
George Willia,M,US Civil War," "
German,M,US Civil War," "
Gersham,M,US Civil War," "
Gideon,M,US Civil War," "
Gilbert,M,US Civil War," "
Giles,M,US Civil War," "
Giles ,M,US Civil War," "
Gillett,M,US Civil War," "
Gilleum,M,US Civil War," "
Godfred,M,US Civil War," "
Godfrey,M,US Civil War," "
Goffrey,M,US Civil War," "
Goldburn ,M,US Civil War," "
Gordon,M,US Civil War," "
Gorham,M,US Civil War," "
Gothleib,M,US Civil War," "
Gotleib,M,US Civil War," "
Gotlieb,M,US Civil War," "
Gotlop,M,US Civil War," "
Gottfred,M,US Civil War," "
Gottief,M,US Civil War," "
Gottlib,M,US Civil War," "
Gottlieb,M,US Civil War," "
Graff,M,US Civil War," "
Grant,M,US Civil War," "
Granville,M,US Civil War," "
Green,M,US Civil War," "
Greenberry,M,US Civil War," "
Greenville,M,US Civil War," "
Grorge,M,US Civil War," "
Grosvenor,M,US Civil War," "
Gust,M,US Civil War," "
Gustaf,M,US Civil War," "
Gustav,M,US Civil War," "
Gustave,M,US Civil War," "
Gustavus,M,US Civil War," "
Guy,M,US Civil War," "
Ha,M,US Civil War," "
Hadley,M,US Civil War," "
Hales,M,US Civil War," "
Hamilton,M,US Civil War," "
Hamilton ,M,US Civil War," "
Hamlin,M,US Civil War," "
Hampton,M,US Civil War," "
Handy,M,US Civil War," "
Hans,M,US Civil War," "
Hanson,M,US Civil War," "
Harby,M,US Civil War," "
Hardy,M,US Civil War," "
Harley,M,US Civil War," "
Harmann,M,US Civil War," "
Harmon,M,US Civil War," "
Harris,M,US Civil War," "
Harrison,M,US Civil War," "
Harry,M,US Civil War," "
Hart,M,US Civil War," "
Hartley,M,US Civil War," "
Hartman,M,US Civil War," "
Hartwell,M,US Civil War," "
Harvey,M,US Civil War," "
Harvy,M,US Civil War," "
Haus,M,US Civil War," "
Hawley,M,US Civil War," "
Hazekiah,M,US Civil War," "
Hazel,M,US Civil War," "
Hazen,M,US Civil War," "
Hector,M,US Civil War," "
Heinrich,M,US Civil War," "
Hemry,M,US Civil War," "
Henderson,M,US Civil War," "
Henrry,M,US Civil War," "
Henry,M,US Civil War," "
Henry ,M,US Civil War," "
Henry Haskell,M,US Civil War," "
Henry James,M,US Civil War," "
Herbert,M,US Civil War," "
Herman,M,US Civil War," "
Hezekiah,M,US Civil War," "
Hezekle,M,US Civil War," "
Hezeliah,M,US Civil War," "
Hill,M,US Civil War," "
Hiram,M,US Civil War," "
Hnry,M,US Civil War," "
Hobart,M,US Civil War," "
Holden,M,US Civil War," "
Holder,M,US Civil War," "
Holus,M,US Civil War," "
Holz,M,US Civil War," "
Homer,M,US Civil War," "
Homer ,M,US Civil War," "
Horace,M,US Civil War," "
Horatio,M,US Civil War," "
Hosea,M,US Civil War," "
Howard,M,US Civil War," "
Howland,M,US Civil War," "
Hoyt,M,US Civil War," "
Hubbard,M,US Civil War," "
Huber,M,US Civil War," "
Hubert,M,US Civil War," "
Hugh,M,US Civil War," "
Hugh ,M,US Civil War," "
Hugo,M,US Civil War," "
Humphrey,M,US Civil War," "
Huston,M,US Civil War," "
Iaus,M,US Civil War," "
Icabod,M,US Civil War," "
Ichabod,M,US Civil War," "
Ignatuis,M,US Civil War," "
Imri,M,US Civil War," "
Inoff,M,US Civil War," "
Inrank,M,US Civil War," "
Ioha,M,US Civil War," "
Iowa,M,US Civil War," "
Ira,M,US Civil War," "
Irven,M,US Civil War," "
Irvin,M,US Civil War," "
Irving,M,US Civil War," "
Isaac,M,US Civil War," "
Isaac ,M,US Civil War," "
Isaia,M,US Civil War," "
Isaiah,M,US Civil War," "
Isaih,M,US Civil War," "
Isham,M,US Civil War," "
Isiah,M,US Civil War," "
Isiah Jame,M,US Civil War," "
Isidore,M,US Civil War," "
Israel,M,US Civil War," "
Israel ,M,US Civil War," "
Isreal,M,US Civil War," "
Issac,M,US Civil War," "
Issacher,M,US Civil War," "
Ithamar,M,US Civil War," "
Ithamer,M,US Civil War," "
Ivory,M,US Civil War," "
J Edward,M,US Civil War," "
J M ,M,US Civil War," "
Jabez,M,US Civil War," "
Jackson,M,US Civil War," "
Jacob,M,US Civil War," "
Jacob ,M,US Civil War," "
Jacob King,M,US Civil War," "
Jairus,M,US Civil War," "
James,M,US Civil War," "
James ,M,US Civil War," "
James Albion,M,US Civil War," "
James Fulton,M,US Civil War," "
James Hollo,M,US Civil War," "
James Monroe,M,US Civil War," "
James Wesley,M,US Civil War," "
James Wright,M,US Civil War," "
Jared ,M,US Civil War," "
Jarvet,M,US Civil War," "
Jason,M,US Civil War," "
Jasper,M,US Civil War," "
Jeff,M,US Civil War," "
Jefferson,M,US Civil War," "
Jeffrey,M,US Civil War," "
Jehu,M,US Civil War," "
Jenas,M,US Civil War," "
Jenkins,M,US Civil War," "
Jennings,M,US Civil War," "
Jeremiah,M,US Civil War," "
Jeremiah ,M,US Civil War," "
Jeremy,M,US Civil War," "
Jerome,M,US Civil War," "
Jerry,M,US Civil War," "
Jesse,M,US Civil War," "
Jesse Bell,M,US Civil War," "
Jessee,M,US Civil War," "
Jessie,M,US Civil War," "
Jim,M,US Civil War," "
Jiram,M,US Civil War," "
Jireh,M,US Civil War," "
Joab,M,US Civil War," "
Job,M,US Civil War," "
Job ,M,US Civil War," "
Jochim,M,US Civil War," "
Jocob,M,US Civil War," "
Joe,M,US Civil War," "
Joel,M,US Civil War," "
Joel ,M,US Civil War," "
Joh ,M,US Civil War," "
Johann,M,US Civil War," "
Johannas,M,US Civil War," "
John,M,US Civil War," "
John ,M,US Civil War," "
John Adam,M,US Civil War," "
John Adams,M,US Civil War," "
John Clark,M,US Civil War," "
John Jacob,M,US Civil War," "
John Joseph,M,US Civil War," "
John Sawye,M,US Civil War," "
John Wool,M,US Civil War," "
Johnathan,M,US Civil War," "
Johnny ,M,US Civil War," "
Johnson,M,US Civil War," "
Johnson ,M,US Civil War," "
Jon,M,US Civil War," "
Jonah Francis,M,US Civil War," "
Jonas,M,US Civil War," "
Jonathan,M,US Civil War," "
Jonathan ,M,US Civil War," "
Jordan,M,US Civil War," "
Jos,M,US Civil War," "
Josep,M,US Civil War," "
Joseph,M,US Civil War," "
Joseph ,M,US Civil War," "
Joseph James,M,US Civil War," "
Josepheus,M,US Civil War," "
Josephus,M,US Civil War," "
Josh,M,US Civil War," "
Joshia,M,US Civil War," "
Joshua,M,US Civil War," "
Josiah,M,US Civil War," "
Josuay,M,US Civil War," "
Joul,M,US Civil War," "
Jubal,M,US Civil War," "
Judson,M,US Civil War," "
Jul,M,US Civil War," "
Julius,M,US Civil War," "
Junior,M,US Civil War," "
Jurgen,M,US Civil War," "
Justice,M,US Civil War," "
Justin,M,US Civil War," "
Justine,M,US Civil War," "
Justus,M,US Civil War," "
Karl,M,US Civil War," "
Kendall,M,US Civil War," "
Kendrick,M,US Civil War," "
Kenney,M,US Civil War," "
Kenney ,M,US Civil War," "
Kern,M,US Civil War," "
Kimball,M,US Civil War," "
King,M,US Civil War," "
Kingbury,M,US Civil War," "
Knott,M,US Civil War," "
Konrad,M,US Civil War," "
Lafayette,M,US Civil War," "
Laford,M,US Civil War," "
Landon,M,US Civil War," "
Landon ,M,US Civil War," "
Lansing,M,US Civil War," "
Laramy,M,US Civil War," "
Larkin,M,US Civil War," "
Laudwick,M,US Civil War," "
Lauriston,M,US Civil War," "
Lawrence,M,US Civil War," "
Leander,M,US Civil War," "
Lee,M,US Civil War," "
Legrande,M,US Civil War," "
Leibert,M,US Civil War," "
Leighton,M,US Civil War," "
Leland,M,US Civil War," "
Lemuel,M,US Civil War," "
Leon,M,US Civil War," "
Leon Joseph,M,US Civil War," "
Leonard,M,US Civil War," "
Leonhardt,M,US Civil War," "
Leonhart,M,US Civil War," "
Leonidas,M,US Civil War," "
Leroy,M,US Civil War," "
Lessel,M,US Civil War," "
Lester,M,US Civil War," "
Leverett,M,US Civil War," "
Levi,M,US Civil War," "
Levin,M,US Civil War," "
Lew,M,US Civil War," "
Lewis,M,US Civil War," "
Lewis ,M,US Civil War," "
Lewis Henr,M,US Civil War," "
Limus ,M,US Civil War," "
Linas,M,US Civil War," "
Lindsey,M,US Civil War," "
Linn,M,US Civil War," "
Linus,M,US Civil War," "
Littlefield,M,US Civil War," "
Lloyd,M,US Civil War," "
Lofty,M,US Civil War," "
Logan,M,US Civil War," "
Loper,M,US Civil War," "
Loren,M,US Civil War," "
Lorenza,M,US Civil War," "
Lorenzo,M,US Civil War," "
Lorin,M,US Civil War," "
Loring,M,US Civil War," "
Loring Averil,M,US Civil War," "
Lorwnzo,M,US Civil War," "
Lot,M,US Civil War," "
Loughlin,M,US Civil War," "
Louis,M,US Civil War," "
Louis ,M,US Civil War," "
Lowell,M,US Civil War," "
Loyal,M,US Civil War," "
Lucian,M,US Civil War," "
Lucien,M,US Civil War," "
Lucious,M,US Civil War," "
Lucius,M,US Civil War," "
Luciuus,M,US Civil War," "
Ludwell,M,US Civil War," "
Ludwig,M,US Civil War," "
Luke,M,US Civil War," "
Luman,M,US Civil War," "
Luther,M,US Civil War," "
Lycurgus,M,US Civil War," "
Lyman,M,US Civil War," "
Lysander,M,US Civil War," "
Mac,M,US Civil War," "
Mack,M,US Civil War," "
Madison,M,US Civil War," "
Magnus,M,US Civil War," "
Mahlon,M,US Civil War," "
Malaka,M,US Civil War," "
Malcolm,M,US Civil War," "
Malcom,M,US Civil War," "
Manasseh,M,US Civil War," "
Manfred,M,US Civil War," "
Manifer,M,US Civil War," "
Manlius,M,US Civil War," "
Manning,M,US Civil War," "
Manoah,M,US Civil War," "
Manton,M,US Civil War," "
Manuel,M,US Civil War," "
Marcellus,M,US Civil War," "
Marcelon,M,US Civil War," "
Marcelus,M,US Civil War," "
Marcian,M,US Civil War," "
Marcus,M,US Civil War," "
Marcus ,M,US Civil War," "
Margaret,M,US Civil War," "
Marin,M,US Civil War," "
Marion,M,US Civil War," "
Mark,M,US Civil War," "
Marlen,M,US Civil War," "
Marlin,M,US Civil War," "
Marquis,M,US Civil War," "
Marshall,M,US Civil War," "
Martin,M,US Civil War," "
Martin ,M,US Civil War," "
Martin Van ,M,US Civil War," "
Marvin,M,US Civil War," "
Marx,M,US Civil War," "
Mastan,M,US Civil War," "
Mathew,M,US Civil War," "
Mathias,M,US Civil War," "
Mathies,M,US Civil War," "
Matrin,M,US Civil War," "
Matthew,M,US Civil War," "
Maurice,M,US Civil War," "
Maxim,M,US Civil War," "
Maximilian,M,US Civil War," "
Maxwell,M,US Civil War," "
Mayhew,M,US Civil War," "
Mcclain,M,US Civil War," "
Md,M,US Civil War," "
Meinrad,M,US Civil War," "
Melville,M,US Civil War," "
Melvin,M,US Civil War," "
Merit,M,US Civil War," "
Meritt,M,US Civil War," "
Merrick,M,US Civil War," "
Merritt,M,US Civil War," "
Meyer,M,US Civil War," "
Micael,M,US Civil War," "
Michael,M,US Civil War," "
Micheal,M,US Civil War," "
Mich'l,M,US Civil War," "
Mickey,M,US Civil War," "
Miers,M,US Civil War," "
Mike,M,US Civil War," "
Milen,M,US Civil War," "
Miles,M,US Civil War," "
Millard,M,US Civil War," "
Miller,M,US Civil War," "
Mills,M,US Civil War," "
Milo,M,US Civil War," "
Milton,M,US Civil War," "
Milton ,M,US Civil War," "
Miner,M,US Civil War," "
Minot,M,US Civil War," "
Mitchell,M,US Civil War," "
Monroe,M,US Civil War," "
Montgomery,M,US Civil War," "
Montz,M,US Civil War," "
Mordecai,M,US Civil War," "
Morgan,M,US Civil War," "
Moritz,M,US Civil War," "
Morris,M,US Civil War," "
Mortimer,M,US Civil War," "
Moses,M,US Civil War," "
Mountavlle,M,US Civil War," "
Mulford,M,US Civil War," "
Murray,M,US Civil War," "
Murty,M,US Civil War," "
Myrick,M,US Civil War," "
Myron,M,US Civil War," "
Nahum,M,US Civil War," "
Napoleon,M,US Civil War," "
Napoloen,M,US Civil War," "
Narciso,M,US Civil War," "
Nathan,M,US Civil War," "
Nathanial,M,US Civil War," "
Nathaniel,M,US Civil War," "
Natthan,M,US Civil War," "
Ned,M,US Civil War," "
Needham,M,US Civil War," "
Nehemiah,M,US Civil War," "
Neil,M,US Civil War," "
Neill,M,US Civil War," "
Nelson,M,US Civil War," "
Nelson ,M,US Civil War," "
Newman,M,US Civil War," "
Newton,M,US Civil War," "
Newton ,M,US Civil War," "
Nicholas,M,US Civil War," "
Nicholaus,M,US Civil War," "
Nichols,M,US Civil War," "
Nicolaus,M,US Civil War," "
Noab,M,US Civil War," "
Noah,M,US Civil War," "
Noal,M,US Civil War," "
Noble,M,US Civil War," "
Noce,M,US Civil War," "
Norman,M,US Civil War," "
Norris,M,US Civil War," "
Oakley,M,US Civil War," "
Obed,M,US Civil War," "
Oddy,M,US Civil War," "
Oel,M,US Civil War," "
Olaf,M,US Civil War," "
Oley,M,US Civil War," "
Oliver,M,US Civil War," "
Olsey,M,US Civil War," "
Omar,M,US Civil War," "
Oramel,M,US Civil War," "
Oran,M,US Civil War," "
Orange,M,US Civil War," "
Orien,M,US Civil War," "
Orin,M,US Civil War," "
Orland,M,US Civil War," "
Orlando,M,US Civil War," "
Orlin,M,US Civil War," "
Orrin,M,US Civil War," "
Orsenus,M,US Civil War," "
Orville,M,US Civil War," "
Osbert,M,US Civil War," "
Oscar,M,US Civil War," "
Osceola,M,US Civil War," "
Otho,M,US Civil War," "
Otis,M,US Civil War," "
Otterbine,M,US Civil War," "
Otto,M,US Civil War," "
Owen,M,US Civil War," "
Pake,M,US Civil War," "
Palestine,M,US Civil War," "
Palmer,M,US Civil War," "
Paran ,M,US Civil War," "
Pardon,M,US Civil War," "
Parker,M,US Civil War," "
Parmelee,M,US Civil War," "
Parsons,M,US Civil War," "
Partick,M,US Civil War," "
Pat,M,US Civil War," "
Paten,M,US Civil War," "
Patric,M,US Civil War," "
Patrick,M,US Civil War," "
Patrick ,M,US Civil War," "
Patsey,M,US Civil War," "
Patsy,M,US Civil War," "
Paul,M,US Civil War," "
Peal,M,US Civil War," "
Pedro,M,US Civil War," "
Percy Swain,M,US Civil War," "
Perez,M,US Civil War," "
Perham,M,US Civil War," "
Perril,M,US Civil War," "
Perry,M,US Civil War," "
Person,M,US Civil War," "
Peter,M,US Civil War," "
Peyton,M,US Civil War," "
Phelix,M,US Civil War," "
Philander,M,US Civil War," "
Philetus,M,US Civil War," "
Philip,M,US Civil War," "
Phillip,M,US Civil War," "
Philo,M,US Civil War," "
Philpi,M,US Civil War," "
Phils,M,US Civil War," "
Phineas,M,US Civil War," "
Pierce,M,US Civil War," "
Pierre,M,US Civil War," "
Pike,M,US Civil War," "
Pleasant,M,US Civil War," "
Pleasant ,M,US Civil War," "
Pleman,M,US Civil War," "
Plesant,M,US Civil War," "
Pliney,M,US Civil War," "
Plumb,M,US Civil War," "
Porter,M,US Civil War," "
Prentice,M,US Civil War," "
Presley,M,US Civil War," "
Preston,M,US Civil War," "
Prim,M,US Civil War," "
Prosper,M,US Civil War," "
Pulaski,M,US Civil War," "
Radolphus,M,US Civil War," "
Rainey,M,US Civil War," "
Ralph,M,US Civil War," "
Ramon,M,US Civil War," "
Ramsom,M,US Civil War," "
Randall,M,US Civil War," "
Randel,M,US Civil War," "
Randolph,M,US Civil War," "
Ransom,M,US Civil War," "
Raphael,M,US Civil War," "
Rasberry,M,US Civil War," "
Rathens,M,US Civil War," "
Redford,M,US Civil War," "
Redmond,M,US Civil War," "
Remus,M,US Civil War," "
Rensselaer,M,US Civil War," "
Reuben,M,US Civil War," "
Reubon,M,US Civil War," "
Reuel,M,US Civil War," "
Rezin,M,US Civil War," "
Rial,M,US Civil War," "
Rich,M,US Civil War," "
Richard,M,US Civil War," "
Richard ,M,US Civil War," "
Richard John,M,US Civil War," "
Richard Wells,M,US Civil War," "
Richardson,M,US Civil War," "
Rienza,M,US Civil War," "
Riley,M,US Civil War," "
Riley ,M,US Civil War," "
Ripley,M,US Civil War," "
Robert,M,US Civil War," "
Robert ,M,US Civil War," "
Robert Cam,M,US Civil War," "
Robert Ii,M,US Civil War," "
Robert Iii,M,US Civil War," "
Robinson,M,US Civil War," "
Rob't,M,US Civil War," "
Rob't ,M,US Civil War," "
Roderick,M,US Civil War," "
Rodman,M,US Civil War," "
Rodolphus,M,US Civil War," "
Rody,M,US Civil War," "
Roger,M,US Civil War," "
Roland,M,US Civil War," "
Rollan,M,US Civil War," "
Romulus,M,US Civil War," "
Roscoe,M,US Civil War," "
Rossiter,M,US Civil War," "
Roswell,M,US Civil War," "
Royal,M,US Civil War," "
Rudolph,M,US Civil War," "
Rudyard,M,US Civil War," "
Rufus,M,US Civil War," "
Rufus ,M,US Civil War," "
Runyon,M,US Civil War," "
Russel,M,US Civil War," "
Russell,M,US Civil War," "
Sabinus,M,US Civil War," "
Sabues,M,US Civil War," "
Salam,M,US Civil War," "
Salathiel,M,US Civil War," "
Salem,M,US Civil War," "
Sam,M,US Civil War," "
Sam ,M,US Civil War," "
Sammuel,M,US Civil War," "
Sampson,M,US Civil War," "
Samual,M,US Civil War," "
Samuel,M,US Civil War," "
Samuel ,M,US Civil War," "
Sanborn,M,US Civil War," "
Sanders,M,US Civil War," "
Sandford,M,US Civil War," "
Sanford,M,US Civil War," "
Sanford ,M,US Civil War," "
Sardis,M,US Civil War," "
Saul,M,US Civil War," "
Scott,M,US Civil War," "
Sealsberry,M,US Civil War," "
Sebastian,M,US Civil War," "
Sebastion,M,US Civil War," "
Seeley,M,US Civil War," "
Selah,M,US Civil War," "
Seller,M,US Civil War," "
Senton,M,US Civil War," "
Sephus,M,US Civil War," "
Seth,M,US Civil War," "
Seth ,M,US Civil War," "
Sewall,M,US Civil War," "
Seward,M,US Civil War," "
Sexton,M,US Civil War," "
Seymour,M,US Civil War," "
Sheldon,M,US Civil War," "
Shepard,M,US Civil War," "
Sheridan,M,US Civil War," "
Sherman,M,US Civil War," "
Shrimpton,M,US Civil War," "
Shuble,M,US Civil War," "
Shyler,M,US Civil War," "
Sid,M,US Civil War," "
Sidney,M,US Civil War," "
Sievard,M,US Civil War," "
Silas,M,US Civil War," "
Simeon,M,US Civil War," "
Siminos,M,US Civil War," "
Simon,M,US Civil War," "
Simonis,M,US Civil War," "
Singleton,M,US Civil War," "
Smith,M,US Civil War," "
Socrates,M,US Civil War," "
Solomon,M,US Civil War," "
Solon,M,US Civil War," "
Spencer,M,US Civil War," "
Squire,M,US Civil War," "
St,M,US Civil War," "
St. Clair,M,US Civil War," "
Stanley,M,US Civil War," "
Starling,M,US Civil War," "
Steel,M,US Civil War," "
Stefano,M,US Civil War," "
Stephen,M,US Civil War," "
Stephen ,M,US Civil War," "
Stephens,M,US Civil War," "
Stepin,M,US Civil War," "
Steven,M,US Civil War," "
Stewart,M,US Civil War," "
Stuart,M,US Civil War," "
Sullivan ,M,US Civil War," "
Sumner,M,US Civil War," "
Swan,M,US Civil War," "
Sydney,M,US Civil War," "
Syla,M,US Civil War," "
Sylisker,M,US Civil War," "
Sylvanus,M,US Civil War," "
Sylvester,M,US Civil War," "
T Bug,M,US Civil War," "
Tan,M,US Civil War," "
Tanjore,M,US Civil War," "
Taylor,M,US Civil War," "
Tego,M,US Civil War," "
Temolian,M,US Civil War," "
Temolis,M,US Civil War," "
Terrence,M,US Civil War," "
Terry,M,US Civil War," "
Thaddeus,M,US Civil War," "
Theo,M,US Civil War," "
Theodore,M,US Civil War," "
Theodore ,M,US Civil War," "
Theophiler,M,US Civil War," "
Theophilus,M,US Civil War," "
Thomas,M,US Civil War," "
Thomas ,M,US Civil War," "
Thomas Milton,M,US Civil War," "
Thompson,M,US Civil War," "
Thornton,M,US Civil War," "
Thredwell,M,US Civil War," "
Tildon,M,US Civil War," "
Tilford,M,US Civil War," "
Tilghman,M,US Civil War," "
Tillman,M,US Civil War," "
Tilly,M,US Civil War," "
Timothy,M,US Civil War," "
Titus,M,US Civil War," "
Tobias,M,US Civil War," "
Tolbert,M,US Civil War," "
Tracey,M,US Civil War," "
Traverse,M,US Civil War," "
Tristram,M,US Civil War," "
Turnes,M,US Civil War," "
Tyre,M,US Civil War," "
Ugene,M,US Civil War," "
Uriah,M,US Civil War," "
Uriah ,M,US Civil War," "
Vachel,M,US Civil War," "
Valentine,M,US Civil War," "
Van,M,US Civil War," "
Van Buren,M,US Civil War," "
Vanburen,M,US Civil War," "
Vernal,M,US Civil War," "
Vernon,M,US Civil War," "
Victor,M,US Civil War," "
Vincensa,M,US Civil War," "
Vincent,M,US Civil War," "
Vinent,M,US Civil War," "
Vinton,M,US Civil War," "
Virgen,M,US Civil War," "
Virgil,M,US Civil War," "
Virgil ,M,US Civil War," "
Virginius,M,US Civil War," "
Voldemar,M,US Civil War," "
Volney,M,US Civil War," "
Wade,M,US Civil War," "
Waldo,M,US Civil War," "
Walker,M,US Civil War," "
Wallace,M,US Civil War," "
Walter,M,US Civil War," "
Wansley,M,US Civil War," "
Wardrop,M,US Civil War," "
Wariath,M,US Civil War," "
Warner,M,US Civil War," "
Warren,M,US Civil War," "
Warren Lee,M,US Civil War," "
Washington,M,US Civil War," "
Wat,M,US Civil War," "
Watson,M,US Civil War," "
Welcome,M,US Civil War," "
Wellington,M,US Civil War," "
Werner,M,US Civil War," "
Wesley,M,US Civil War," "
Wesley ,M,US Civil War," "
Wesly,M,US Civil War," "
Weston,M,US Civil War," "
Whitfield,M,US Civil War," "
Wickliffe,M,US Civil War," "
Wilber,M,US Civil War," "
Wilbert,M,US Civil War," "
Wilbur,M,US Civil War," "
Wilda,M,US Civil War," "
Wilder,M,US Civil War," "
Wiley,M,US Civil War," "
Wilford,M,US Civil War," "
Wilhelm,M,US Civil War," "
Wiliiam,M,US Civil War," "
Willaim ,M,US Civil War," "
Willard,M,US Civil War," "
Willia,M,US Civil War," "
William,M,US Civil War," "
William ,M,US Civil War," "
William He,M,US Civil War," "
William Henry,M,US Civil War," "
William Morga,M,US Civil War," "
Williamm,M,US Civil War," "
Williams,M,US Civil War," "
Williamson,M,US Civil War," "
Willis,M,US Civil War," "
Willliam,M,US Civil War," "
Wilmot,M,US Civil War," "
Wilson,M,US Civil War," "
Winfield,M,US Civil War," "
Wingate,M,US Civil War," "
Winslow,M,US Civil War," "
Withiu,M,US Civil War," "
Witty,M,US Civil War," "
Wolford,M,US Civil War," "
Woodson,M,US Civil War," "
Wooldig,M,US Civil War," "
Worner,M,US Civil War," "
Worster,M,US Civil War," "
Worthington,M,US Civil War," "
Wyat,M,US Civil War," "
Wyman,M,US Civil War," "
Zabina,M,US Civil War," "
Zachariah,M,US Civil War," "
Zacharias,M,US Civil War," "
Zacheus,M,US Civil War," "
Zebdee,M,US Civil War," "
Zebedee,M,US Civil War," "
Zelia,M,US Civil War," "
Zephaniah,M,US Civil War," "
Ziba,M,US Civil War," "
Ylorster,M,US Civil War," "
Xavier,M,US Civil War," "
Quimley,M,US Civil War," "
Uri,M,US Civil War," "
Ulrich,M,US Civil War," "
Uriel,M,US Civil War," "
Ulysses,M,US Civil War," "
