Abanathy,US 1812
Abernathy,US 1812
Ackerman,US 1812
Ackles,US 1812
Ackless,US 1812
Acklin,US 1812
Adair,US 1812
Adams,US 1812
AdamsJ,US 1812
Adare,US 1812
Aday,US 1812
Adkins,US 1812
Agin,US 1812
Albright,US 1812
Aldridge,US 1812
Alexander,US 1812
Allen,US 1812
Allison,US 1812
Alman,US 1812
Almon,US 1812
Alter,US 1812
Amonet,US 1812
Anderson,US 1812
Andrew,US 1812
Anyan,US 1812
Applewhite,US 1812
Arbrough,US 1812
Ard,US 1812
Armstrong,US 1812
Arnold,US 1812
Arons,US 1812
Arundel,US 1812
Ashbarn,US 1812
Ashborn,US 1812
Ashburn,US 1812
Ashworth,US 1812
Aswell,US 1812
Atchison,US 1812
Atkins,US 1812
Atkinson,US 1812
Autry,US 1812
Avertegas,US 1812
Axely,US 1812
Axley,US 1812
Babb,US 1812
Badgely,US 1812
Baggs,US 1812
Bail,US 1812
Bailey,US 1812
Bails,US 1812
Baily,US 1812
Baimmie,US 1812
Baird,US 1812
Baker,US 1812
Baldridge,US 1812
Ballew,US 1812
Bankson,US 1812
Bankston,US 1812
Barbeau,US 1812
Barber,US 1812
Barbour,US 1812
Barboure,US 1812
Barefieldg,US 1812
Barnel,US 1812
Barnes,US 1812
Barnet,US 1812
Barnett,US 1812
Barnhart,US 1812
Barnsback,US 1812
Bart,US 1812
Bartlett,US 1812
Basey,US 1812
Basore,US 1812
Bass,US 1812
Bateman,US 1812
Battenhouse,US 1812
Bayles,US 1812
Bayless,US 1812
Bayne,US 1812
Beacon,US 1812
Beaman,US 1812
Bear,US 1812
Beard,US 1812
Beatt,US 1812
Beatty,US 1812
Beauvais,US 1812
Beck,US 1812
Beeman,US 1812
Belcher,US 1812
Bell,US 1812
Belsher,US 1812
Beman,US 1812
Bennet,US 1812
Bernard,US 1812
Bernett,US 1812
Berrimon,US 1812
Berry,US 1812
Beson,US 1812
Bier,US 1812
Biggs,US 1812
Bigham,US 1812
Bilberback,US 1812
Bilbo,US 1812
Bilderback,US 1812
Bill,US 1812
Biram,US 1812
Bird,US 1812
Birdwell,US 1812
Birmingham,US 1812
Biron,US 1812
Bishop,US 1812
Black,US 1812
Blackburn,US 1812
Blackford,US 1812
Blackman,US 1812
Blackwell,US 1812
Blair,US 1812
Blalock,US 1812
Blane,US 1812
Blankenship,US 1812
Blankinship,US 1812
Blasingham,US 1812
Bledoe,US 1812
Block,US 1812
Bloodworth,US 1812
Bloom,US 1812
Blue,US 1812
Bly,US 1812
Blythe,US 1812
Boatwright,US 1812
Boggs,US 1812
Bogs,US 1812
Boling,US 1812
Bollng,US 1812
Boman,US 1812
Bonds,US 1812
Bone,US 1812
Bonham,US 1812
Bono,US 1812
Boon,US 1812
Boot,US 1812
Boren,US 1812
Borough,US 1812
Borrier,US 1812
Borsby,US 1812
Bosheart,US 1812
Bosley,US 1812
Bosli,US 1812
Boucher,US 1812
Boultinghouse,US 1812
Bounds,US 1812
Bowerman,US 1812
Bowman,US 1812
Bows,US 1812
Box,US 1812
Boyd,US 1812
Bradberry,US 1812
Bradley,US 1812
Bradshaw,US 1812
Bradwater,US 1812
Bragg,US 1812
Braman,US 1812
Bramlett,US 1812
Brashears,US 1812
Brazel,US 1812
Brewster,US 1812
Briant,US 1812
Brickey,US 1812
Bridges,US 1812
Brigance,US 1812
Briggs,US 1812
Brigham,US 1812
Briley,US 1812
Brimberry,US 1812
Brisco,US 1812
Briscoe,US 1812
Britton,US 1812
Brooks,US 1812
Brooksher,US 1812
Broom,US 1812
Brown,US 1812
Brownfield,US 1812
Bruin,US 1812
Brundage,US 1812
Bryan,US 1812
Bryant,US 1812
Brynon,US 1812
Buchan,US 1812
Buck,US 1812
Buckels,US 1812
Buckner,US 1812
Buie,US 1812
Bullen,US 1812
Bullick,US 1812
Bunch,US 1812
Burchfield,US 1812
Burgess,US 1812
Burks,US 1812
Burleson,US 1812
Burlicon,US 1812
Burlisoil,US 1812
Burlison,US 1812
Burney,US 1812
Burris,US 1812
Burrow,US 1812
Burrus,US 1812
Butea,US 1812
Butler,US 1812
Buyat,US 1812
Byram,US 1812
Byrd,US 1812
Cabaniss,US 1812
Cain,US 1812
Calhoun,US 1812
Callier,US 1812
Calvert,US 1812
Campbell,US 1812
Camudy,US 1812
Cannady,US 1812
Cannon,US 1812
Capshaw,US 1812
Carmack,US 1812
Carnes,US 1812
Carothers,US 1812
Carpenter,US 1812
Carr,US 1812
Carrell,US 1812
Carriel,US 1812
Carroll,US 1812
Carson,US 1812
Carter,US 1812
Caruther,US 1812
Cary,US 1812
Casey,US 1812
Castelan,US 1812
Casten,US 1812
Caston,US 1812
Cates,US 1812
Catt,US 1812
Cattersons,US 1812
Cawley,US 1812
Cerns,US 1812
Chaffin,US 1812
Chalfin,US 1812
Chambers,US 1812
Chambliss,US 1812
Chance,US 1812
Charleville,US 1812
Cheatham,US 1812
Chelton,US 1812
Chilcoat,US 1812
Childers,US 1812
Childre,US 1812
Childres,US 1812
Childress,US 1812
Chilton,US 1812
Chinia,US 1812
Chllders,US 1812
Christain,US 1812
Cissna,US 1812
Clark,US 1812
Clarke,US 1812
Clay,US 1812
Clayton,US 1812
Clem,US 1812
Clemens,US 1812
Clements,US 1812
Clemm,US 1812
Clendenin,US 1812
Clendenon,US 1812
Cleveland,US 1812
Click,US 1812
Clifton,US 1812
Clonch,US 1812
Cloud,US 1812
Clounch,US 1812
Clover,US 1812
Cloyd,US 1812
Clyne,US 1812
Coatney,US 1812
Cobb,US 1812
Cochran,US 1812
Cockram,US 1812
Cofman,US 1812
Coil,US 1812
Cola,US 1812
Cole,US 1812
Coleman,US 1812
Coley,US 1812
Collins,US 1812
Conley,US 1812
Conner,US 1812
Connor,US 1812
Convers,US 1812
Converse,US 1812
Conway,US 1812
Cook,US 1812
Coolman,US 1812
Cooper,US 1812
Corathers,US 1812
Corbitt,US 1812
Corn,US 1812
Cornelius,US 1812
Corps,US 1812
Cosby,US 1812
Coshler,US 1812
Cossy,US 1812
Cotten,US 1812
Cotton,US 1812
Cottrell.,US 1812
Couch,US 1812
Coursey,US 1812
Covington,US 1812
Coward,US 1812
Cowin,US 1812
Cox,US 1812
Coyle,US 1812
Craft,US 1812
Crage,US 1812
Craig,US 1812
Craiger,US 1812
Crain,US 1812
Craine,US 1812
Craker,US 1812
Cramer,US 1812
Crane,US 1812
Craton,US 1812
Cravens,US 1812
Crawford,US 1812
Creath,US 1812
Creek,US 1812
Crisp,US 1812
Crocker,US 1812
Crossey,US 1812
Crossley,US 1812
Crothers,US 1812
Crouch,US 1812
Crouser,US 1812
Crowder,US 1812
Crowley,US 1812
Crowson,US 1812
Cruise,US 1812
Cry,US 1812
Culbertson,US 1812
Cullin,US 1812
Culp,US 1812
Culwell,US 1812
Cumins,US 1812
Cummings,US 1812
Cummins,US 1812
Cuningham,US 1812
Cunningham,US 1812
Cuoy,US 1812
Currie,US 1812
Curry,US 1812
Curtis,US 1812
Curuthers,US 1812
Cutler,US 1812
Dailey,US 1812
Daley,US 1812
Dallarhide,US 1812
Daniel,US 1812
Daniels,US 1812
Darneal,US 1812
Darter,US 1812
Dassa,US 1812
Daugherty,US 1812
Daughtry,US 1812
Davenport,US 1812
Davidson,US 1812
Davis,US 1812
Davison,US 1812
Day,US 1812
De Gognie,US 1812
Dean,US 1812
Dearman,US 1812
Deason,US 1812
Debow,US 1812
Deckers,US 1812
Dees,US 1812
Delasmeat,US 1812
Deleplain,US 1812
Delorme,US 1812
Denman,US 1812
Dennis,US 1812
Dennison,US 1812
Depreet,US 1812
Derrick,US 1812
Devenport,US 1812
Dick,US 1812
Dickerson,US 1812
Diliplain,US 1812
Dobbs,US 1812
Dodd,US 1812
Dodge,US 1812
Doherty,US 1812
Dolin,US 1812
Donaho,US 1812
Donahue,US 1812
Dore,US 1812
Dorsey,US 1812
Dory,US 1812
Doughty,US 1812
Dover,US 1812
Dowling,US 1812
Downing,US 1812
Downsy,US 1812
Drake,US 1812
Dredden,US 1812
Drewer,US 1812
Drocker,US 1812
Drury,US 1812
Druver,US 1812
Dublin,US 1812
Dugan,US 1812
Duitt,US 1812
Duncan,US 1812
Dunkin,US 1812
Dunlap,US 1812
Dunn,US 1812
Dunnell,US 1812
Dunnigan,US 1812
Dupree,US 1812
Durkine,US 1812
Dutton,US 1812
Eades,US 1812
Earl,US 1812
Easley,US 1812
East,US 1812
Easter,US 1812
Eastes,US 1812
Eberman,US 1812
Eckford,US 1812
Eckman,US 1812
Eddins,US 1812
Eden,US 1812
Edes,US 1812
Edmonson,US 1812
Edwards,US 1812
Elder,US 1812
Eldridge,US 1812
Ellington,US 1812
Ellion,US 1812
Elliot,US 1812
Elliott,US 1812
Elliotte,US 1812
Ellison,US 1812
Emert,US 1812
Emery,US 1812
Enceminger,US 1812
Ennis,US 1812
Enoch,US 1812
Enochs,US 1812
Erwin,US 1812
Erwood,US 1812
Ethridge,US 1812
Evans,US 1812
Everett,US 1812
Ewbanks,US 1812
Eyman,US 1812
Fairbanks,US 1812
Farely,US 1812
Farney,US 1812
Farr,US 1812
Farrar,US 1812
Fase,US 1812
Felder,US 1812
Fellow,US 1812
Ferguson,US 1812
Ferrell,US 1812
Ferret,US 1812
Fields,US 1812
Fike,US 1812
Finch,US 1812
Fine,US 1812
Finley,US 1812
Finton,US 1812
Fisher,US 1812
Flanery,US 1812
Flanigan,US 1812
Fleming,US 1812
Flippo,US 1812
Forgason,US 1812
Forgerson,US 1812
Forgett,US 1812
Forrest,US 1812
Forrester,US 1812
Fort,US 1812
Foster,US 1812
Foucher,US 1812
Fowler,US 1812
Fox,US 1812
Fray,US 1812
Frazure,US 1812
Freedom,US 1812
French,US 1812
Frizby,US 1812
Fry,US 1812
Fuel,US 1812
Fullmore,US 1812
Fulmore,US 1812
Fulton,US 1812
Futral,US 1812
Gable,US 1812
Gadler,US 1812
Gage,US 1812
Gailey,US 1812
Gaither,US 1812
Gallaspy,US 1812
Gamble,US 1812
Gambol,US 1812
Ganda,US 1812
Gander,US 1812
Gardner,US 1812
Garlington,US 1812
Garner,US 1812
Garratt,US 1812
Garrett,US 1812
Garrison,US 1812
Garver,US 1812
Gasgill,US 1812
Gassfort,US 1812
Gastin,US 1812
Gaston,US 1812
Gatlett,US 1812
Gaugue,US 1812
Genam,US 1812
Gendeon,US 1812
Gendron,US 1812
Geron,US 1812
Gibson,US 1812
Gidier,US 1812
Giger,US 1812
Gilbert,US 1812
Gilbreath,US 1812
Gilham,US 1812
Gill,US 1812
Gillace,US 1812
Gillard,US 1812
Gillen,US 1812
Gillham,US 1812
Ginn,US 1812
Girtman,US 1812
Glasscock,US 1812
Glenn,US 1812
Glun,US 1812
Godere,US 1812
Godier,US 1812
Goff,US 1812
Going,US 1812
Goings,US 1812
Goldsmith,US 1812
Good,US 1812
Goodson,US 1812
Goor,US 1812
Goosean,US 1812
Gorden,US 1812
Gordon,US 1812
Grafton,US 1812
Gragg,US 1812
Graham,US 1812
Grant,US 1812
Graves,US 1812
Gravet,US 1812
Gray,US 1812
Grayham,US 1812
Graysoll,US 1812
Grayson,US 1812
Green,US 1812
Greenhaw,US 1812
Griffeth,US 1812
Griffin,US 1812
Griffith,US 1812
Groats,US 1812
Groomes,US 1812
Grooms,US 1812
Grves,US 1812
Guarrinan,US 1812
Guice,US 1812
Guin,US 1812
Gullet,US 1812
Gunnel,US 1812
Guyee,US 1812
Gwin,US 1812
Hadden,US 1812
Hadon,US 1812
Hagerman,US 1812
Haggins,US 1812
Hall,US 1812
Hallin,US 1812
Halterman,US 1812
Ham,US 1812
Hambrick,US 1812
Hamilton,US 1812
Hammer,US 1812
Hampton,US 1812
Hamrick,US 1812
Hancock,US 1812
Haney,US 1812
Hanigan,US 1812
Hanlon,US 1812
Hannah,US 1812
Harbeson,US 1812
Harbin,US 1812
Hardy,US 1812
Hargrave,US 1812
Hargrove,US 1812
Harkness,US 1812
Harlin,US 1812
Harmon,US 1812
Harper,US 1812
Harrington,US 1812
Harris,US 1812
Harrison,US 1812
Hart,US 1812
Hartgrove,US 1812
Harvard,US 1812
Hastings,US 1812
Hatfield,US 1812
Hathorn,US 1812
Hatton,US 1812
Havenor,US 1812
Havis,US 1812
Hawk,US 1812
Hawke,US 1812
Hawkins,US 1812
Hawks,US 1812
Haycock,US 1812
Hayden,US 1812
Haynes,US 1812
Hays,US 1812
Hayse,US 1812
Hazelton,US 1812
Hazle,US 1812
Head,US 1812
Heart,US 1812
Helms,US 1812
Hemby,US 1812
Hencely,US 1812
Henderson,US 1812
Hendrick,US 1812
Hendricks,US 1812
Henry,US 1812
Henson,US 1812
Herrald,US 1812
Herron,US 1812
Hester,US 1812
Hewitt,US 1812
Hicklin,US 1812
Hicks,US 1812
Hide,US 1812
Higens,US 1812
Higgins,US 1812
Hil1,US 1812
Hill,US 1812
Hillard,US 1812
Hillebrand,US 1812
Hilton,US 1812
Hinds,US 1812
Hitchcock,US 1812
Hix,US 1812
Hixon,US 1812
Hlll,US 1812
Hoake,US 1812
Hoakes,US 1812
Hobson,US 1812
Hodge,US 1812
Hodges,US 1812
Hogan,US 1812
Holcomb,US 1812
Holland,US 1812
Hollaway,US 1812
Holmark,US 1812
Holmes,US 1812
Holt,US 1812
Honey,US 1812
Honnan,US 1812
Hood,US 1812
Hopkins,US 1812
Hopton,US 1812
Horn,US 1812
Horsea,US 1812
Horton,US 1812
Howard,US 1812
Hubbard,US 1812
Hubbard.,US 1812
Huder,US 1812
Hudon,US 1812
Hudson,US 1812
Huffman,US 1812
Hughes,US 1812
Hughs,US 1812
Huitt,US 1812
Hull,US 1812
Humphrey,US 1812
Humphreys,US 1812
Hunt,US 1812
Hurlong,US 1812
Huse,US 1812
Huston,US 1812
Hutchison,US 1812
Hutten,US 1812
Hutton,US 1812
Ice,US 1812
Ilix,US 1812
Ingram,US 1812
Inman,US 1812
Iondrow,US 1812
Irby,US 1812
Irin,US 1812
Irwin,US 1812
Isaac,US 1812
Isbell,US 1812
Jack,US 1812
Jackson,US 1812
Jacobs,US 1812
Jamison,US 1812
Jarlinton,US 1812
Jarrat,US 1812
Jarvie,US 1812
Jarvis,US 1812
Jenkins,US 1812
Jenna,US 1812
Jennings,US 1812
Jerome,US 1812
Jervis,US 1812
Jobe,US 1812
John,US 1812
Johns,US 1812
Johnson,US 1812
Johnston,US 1812
Joiles,US 1812
Jones,US 1812
Jordan,US 1812
Jordin,US 1812
Jordon,US 1812
Jourdan,US 1812
Journey,US 1812
Judy,US 1812
Jurney,US 1812
Kavenor,US 1812
Keen,US 1812
Keeth,US 1812
Kelly,US 1812
Kemp,US 1812
Kenedy,US 1812
Kennamer,US 1812
Kennedy,US 1812
Kennemore,US 1812
Kent,US 1812
Kerns,US 1812
Key,US 1812
Kick,US 1812
Killingsworth,US 1812
Kimberly,US 1812
Kinder,US 1812
King,US 1812
Kink,US 1812
Kinsey,US 1812
Kirkendall,US 1812
Kirklin,US 1812
Kirkpatrick,US 1812
Kitchell,US 1812
Kitchens,US 1812
Knight,US 1812
Knox,US 1812
Koon,US 1812
La Chapelle,US 1812
La Franbris,US 1812
Labrau,US 1812
Lacey,US 1812
Lachasspell,US 1812
Lacy,US 1812
Ladd,US 1812
Lamb,US 1812
Lamberson,US 1812
Lamer,US 1812
Lamonte,US 1812
Lancaster,US 1812
Landers,US 1812
Landrith,US 1812
Lane,US 1812
Langford,US 1812
Langham,US 1812
Langlue,US 1812
Langston,US 1812
Lankford,US 1812
Lard,US 1812
Lark,US 1812
Larner,US 1812
Lary,US 1812
Lasiter,US 1812
Lassley,US 1812
Laughlin,US 1812
Laurence,US 1812
Law,US 1812
Lawler,US 1812
Lawrence,US 1812
Lawry,US 1812
Lawton,US 1812
Lay,US 1812
Lazadder,US 1812
Lazrus,US 1812
Lecount,US 1812
Ledbetter,US 1812
Lee,US 1812
Leedy,US 1812
Leggett,US 1812
Legran,US 1812
Lemiene,US 1812
Lemon,US 1812
Lenard,US 1812
Leonax,US 1812
Leone,US 1812
Lepan,US 1812
Lessauree,US 1812
Lesuere,US 1812
Leveston,US 1812
Levinston,US 1812
Lewis,US 1812
Lezenby,US 1812
Light,US 1812
Linch,US 1812
Linder,US 1812
Lindley,US 1812
Lindsey,US 1812
Lindzey,US 1812
Linley,US 1812
Linn,US 1812
Linsey,US 1812
Linvill,US 1812
Linzey,US 1812
Lisanbee,US 1812
Little,US 1812
Lively,US 1812
Livingston,US 1812
Lloyd,US 1812
Lockhart,US 1812
Long,US 1812
Lorton,US 1812
Louglore,US 1812
Love,US 1812
Lowry,US 1812
Loy,US 1812
Loyd,US 1812
Lucas,US 1812
Lucus,US 1812
Luisk,US 1812
Luker,US 1812
Luntzford,US 1812
Lusk,US 1812
Luster,US 1812
Luttrell,US 1812
Lyming,US 1812
Lynch,US 1812
Lynn,US 1812
Mabury,US 1812
Mace,US 1812
Machan,US 1812
Mackey,US 1812
Macoy,US 1812
Maddox,US 1812
Magby,US 1812
Magers,US 1812
Mahan,US 1812
Malone,US 1812
Mannan,US 1812
Mansin,US 1812
Manson,US 1812
Markham,US 1812
Marney,US 1812
Marshall,US 1812
Martin,US 1812
Martindale,US 1812
Martindel,US 1812
Marvel,US 1812
Mathews,US 1812
Mathias,US 1812
Mathis,US 1812
Matthews,US 1812
Matthis,US 1812
Mattingly,US 1812
Mattocks,US 1812
Maulding,US 1812
Maxville,US 1812
Maxwell,US 1812
May,US 1812
Mc Allister,US 1812
Mc Bride,US 1812
Mc Callister,US 1812
Mc Cann,US 1812
Mc Clinton,US 1812
Mc Cormick,US 1812
Mc Coy,US 1812
Mc Cracken,US 1812
Mc Daniel,US 1812
Mc Donald,US 1812
Mc Donough,US 1812
Mc Dow,US 1812
Mc Elroy,US 1812
Mc Fadgin,US 1812
Mc Farland,US 1812
Mc Farling,US 1812
Mc Gahan,US 1812
Mc Gehee,US 1812
Mc Henry,US 1812
Mc Kinney,US 1812
Mc Laughlin,US 1812
Mc Murtry,US 1812
Mc Nabb,US 1812
Mc Neal,US 1812
McAfee,US 1812
McAnulty,US 1812
McBride,US 1812
McBroom,US 1812
McCachron,US 1812
McCain,US 1812
McCall,US 1812
McCartney,US 1812
McCay,US 1812
McClorg,US 1812
McCormic,US 1812
McCowey,US 1812
McCrachran,US 1812
McCulley,US 1812
McCutchen,US 1812
McDonald,US 1812
McDowell,US 1812
McDuffee,US 1812
McFerrin,US 1812
McGahey,US 1812
McGinty,US 1812
McGlamery,US 1812
McGowan,US 1812
McGowen,US 1812
McKamey,US 1812
McKinney,US 1812
McKinsey,US 1812
McKneely,US 1812
McLary,US 1812
McLemore,US 1812
McLendon,US 1812
McLin,US 1812
McMahan,US 1812
McMahon,US 1812
McMane,US 1812
McMillan,US 1812
McMurtrey,US 1812
McNease,US 1812
McPhail,US 1812
McRay,US 1812
McWhorter,US 1812
McWilliams,US 1812
Meacham,US 1812
Mears,US 1812
Meaux,US 1812
Medford,US 1812
Megahha,US 1812
Megee,US 1812
Meloy,US 1812
Meningall,US 1812
Meriday,US 1812
Merrimoon,US 1812
Metcalf,US 1812
MGehee,US 1812
MGlamery,US 1812
Michel,US 1812
Michell,US 1812
Middleton,US 1812
Milam,US 1812
Milch,US 1812
Miller,US 1812
Million,US 1812
Miltong,US 1812
Minix,US 1812
Minor,US 1812
Minson,US 1812
Minton,US 1812
Mitchel,US 1812
Mitchell,US 1812
Mitclel,US 1812
Montgomery,US 1812
Montrow,US 1812
Montroy,US 1812
Moon,US 1812
Moone,US 1812
Mooney,US 1812
Moor,US 1812
Moore,US 1812
Mooreland,US 1812
More,US 1812
Morell,US 1812
Morgan,US 1812
Morice,US 1812
Morman,US 1812
Morris,US 1812
Morriss,US 1812
Morrow,US 1812
Moseley,US 1812
Mosier,US 1812
Moulding,US 1812
Mowery,US 1812
Moys,US 1812
Mullins,US 1812
Murdoch,US 1812
Murfrey,US 1812
Murpey,US 1812
Murphey,US 1812
Murphy,US 1812
Murrell,US 1812
Murry,US 1812
Murtry,US 1812
Myars,US 1812
Myers,US 1812
Nabors,US 1812
Nail,US 1812
Nash,US 1812
Neal,US 1812
Neele,US 1812
Neelley,US 1812
Neely,US 1812
Nelms,US 1812
Nelson,US 1812
Nesmith,US 1812
Newlin,US 1812
Newman,US 1812
Nichols,US 1812
Nicholson,US 1812
Nicllols,US 1812
Nix,US 1812
Nixon,US 1812
Noblin,US 1812
Normen,US 1812
Norood,US 1812
Norton,US 1812
Norwood,US 1812
Nowlan,US 1812
Nowlin,US 1812
Null,US 1812
Odum,US 1812
Ogle,US 1812
O'neal,US 1812
Ooten,US 1812
Ormsby,US 1812
Orr,US 1812
Osbury,US 1812
Ostean,US 1812
Otwell,US 1812
Owen,US 1812
Owens,US 1812
Owings,US 1812
Pace,US 1812
Page,US 1812
Paine,US 1812
Paise,US 1812
Parker,US 1812
Parkman,US 1812
Parris,US 1812
Paterson,US 1812
Paton,US 1812
Patrick,US 1812
Patterson,US 1812
Patton,US 1812
Paxton,US 1812
Payne,US 1812
Pea,US 1812
Pearce,US 1812
Peek,US 1812
Peer,US 1812
Peevey,US 1812
Pelham,US 1812
Pence,US 1812
Penninon,US 1812
Pera,US 1812
Perkins,US 1812
Perry,US 1812
Person,US 1812
Pesio,US 1812
Petel,US 1812
Peter,US 1812
Peterson,US 1812
Petoin,US 1812
Pettus,US 1812
Petty,US 1812
Peyatt,US 1812
Philhart,US 1812
Philips,US 1812
Phillils,US 1812
Phillips,US 1812
Pickett,US 1812
Pierce,US 1812
Pike,US 1812
Pilant,US 1812
Pillere,US 1812
Pillers,US 1812
Pilquer,US 1812
Piper,US 1812
Pirvis,US 1812
Pittard,US 1812
Pittet,US 1812
Pittman,US 1812
Pixley,US 1812
Plant,US 1812
Poley,US 1812
Pompey,US 1812
Pool,US 1812
Poole,US 1812
Poor,US 1812
Porikett,US 1812
Porter,US 1812
Poscal,US 1812
Posey,US 1812
Postell,US 1812
Potter,US 1812
Potts,US 1812
Powcr,US 1812
Powell,US 1812
Power,US 1812
Powers,US 1812
Prestidge,US 1812
Preston,US 1812
Prewitt,US 1812
Priest,US 1812
Pritchard,US 1812
Province,US 1812
Prude,US 1812
Pruitt,US 1812
Pullum,US 1812
Purden,US 1812
Pure,US 1812
Pursley,US 1812
Qarons,US 1812
Quick,US 1812
Quicley,US 1812
Quigley,US 1812
Quine,US 1812
Raborn,US 1812
Radcliff,US 1812
Radclifft,US 1812
Ragan,US 1812
Ragen,US 1812
Ragsdale,US 1812
Raimer,US 1812
Rainbolt,US 1812
Rains,US 1812
Ramey,US 1812
Randle,US 1812
Randleman,US 1812
Randolph,US 1812
Raney,US 1812
Rascow,US 1812
Rather,US 1812
Ratliff,US 1812
Rawlings,US 1812
Rawlison,US 1812
Ray,US 1812
Read,US 1812
Reas,US 1812
Reavis,US 1812
Rector,US 1812
Redden,US 1812
Redding,US 1812
Reed,US 1812
Reeves,US 1812
Reiner,US 1812
Rendell,US 1812
Renno,US 1812
Reter,US 1812
Reynolds,US 1812
Rhea,US 1812
Rhodes,US 1812
Rice,US 1812
Richardson,US 1812
Riddle,US 1812
Riddles,US 1812
Rife,US 1812
Riggor,US 1812
Right,US 1812
Risenbough,US 1812
Rittenhouse,US 1812
Roach,US 1812
Roades,US 1812
Robert,US 1812
Roberts,US 1812
Robertson,US 1812
Robinett,US 1812
Robinon,US 1812
Robins,US 1812
Robinson,US 1812
Robston,US 1812
Roche,US 1812
Rochell,US 1812
Roder,US 1812
Rodger,US 1812
Rodgers,US 1812
Rodwdon,US 1812
Rogers,US 1812
Rolandg,US 1812
Roller,US 1812
Rolls,US 1812
Romedus,US 1812
Romine,US 1812
Roper,US 1812
Ross,US 1812
Rotine,US 1812
Rountree,US 1812
Rowan,US 1812
Roy,US 1812
Royalston,US 1812
Roylston,US 1812
Rupe,US 1812
Rush,US 1812
Russell,US 1812
Rutherford,US 1812
Ryan,US 1812
Ryons,US 1812
Sailing,US 1812
Sam,US 1812
Sampler,US 1812
Samples,US 1812
Sandell,US 1812
Sander,US 1812
Sanders,US 1812
Sanderson,US 1812
Savadge,US 1812
Savage,US 1812
Saxon,US 1812
Scallion,US 1812
Scarborough,US 1812
Scaton,US 1812
Sceal,US 1812
Scim,US 1812
Scott,US 1812
Scruggs,US 1812
Sealey,US 1812
Sears,US 1812
Seaton,US 1812
Sebott,US 1812
Segar,US 1812
Self,US 1812
Sellar,US 1812
Sellers,US 1812
Sells,US 1812
Selph,US 1812
Selser,US 1812
Sevier,US 1812
Shankle,US 1812
Sharp,US 1812
Sharpe,US 1812
Shaw,US 1812
Sheckles,US 1812
Shell,US 1812
Shelton,US 1812
Shepherd,US 1812
Sherkey,US 1812
Shickle,US 1812
Shields,US 1812
Shoemaker,US 1812
Shook,US 1812
Short,US 1812
Shott,US 1812
Show,US 1812
Sibley,US 1812
Simmons,US 1812
Simons,US 1812
Simpson,US 1812
Sims,US 1812
Sink,US 1812
Sipley,US 1812
Siscoe,US 1812
Sively,US 1812
Skantlin,US 1812
Skinner,US 1812
Slaughter,US 1812
Sleter,US 1812
Slocomb,US 1812
Small,US 1812
Smalley,US 1812
Smalling,US 1812
Smeiser,US 1812
Smelcer,US 1812
Smelson,US 1812
Smith,US 1812
Smylie,US 1812
Smyth,US 1812
Snall,US 1812
Snodgrass,US 1812
Snow,US 1812
Sorrels,US 1812
Soy,US 1812
Sparks,US 1812
Speaks,US 1812
Speer,US 1812
Spigel,US 1812
Springer,US 1812
Spurlock,US 1812
Spurrs,US 1812
St John,US 1812
St Pierre,US 1812
Stafford,US 1812
Staggs,US 1812
Stallings,US 1812
Stallions,US 1812
Standlee,US 1812
Stanley,US 1812
Stanly,US 1812
Starkey,US 1812
Starks,US 1812
Stean,US 1812
Steegar,US 1812
Steel,US 1812
Steele,US 1812
Stephens,US 1812
Stephenson,US 1812
Stevens,US 1812
Steward,US 1812
Stewart,US 1812
Stidman,US 1812
Stockdon,US 1812
Stockton,US 1812
Stokes,US 1812
Stone,US 1812
Storton,US 1812
Stout,US 1812
Stovery,US 1812
Strain,US 1812
Street,US 1812
Stringfellow,US 1812
Strong,US 1812
Stubblefield,US 1812
Stumm,US 1812
Sturn,US 1812
Sulcey,US 1812
Sullivan,US 1812
Summers,US 1812
Swaney,US 1812
Swann,US 1812
Sweeten,US 1812
Sweeton,US 1812
Swigart,US 1812
Swigert,US 1812
Tackett,US 1812
Talbott,US 1812
Tamaraoa,US 1812
Tampble,US 1812
Tapley,US 1812
Tatum,US 1812
Tavery,US 1812
Tayes,US 1812
Taylor,US 1812
Taylvr,US 1812
Teabeau,US 1812
Teeter,US 1812
Temples,US 1812
Templeton,US 1812
Terrell,US 1812
Teter,US 1812
Tetricks,US 1812
Therill,US 1812
Thomas,US 1812
Thomerson,US 1812
Thompson,US 1812
Thorn,US 1812
Thornton,US 1812
Thresher,US 1812
Thurton,US 1812
Tidwell,US 1812
Tiegue,US 1812
Tilford,US 1812
Tilman,US 1812
Tinder,US 1812
Tipton,US 1812
Tlpton,US 1812
Todd,US 1812
Toland,US 1812
Tolley,US 1812
Tongue,US 1812
Tonlouse,US 1812
Towd,US 1812
Tramble,US 1812
Tramell,US 1812
Trammel,US 1812
Trask,US 1812
Treadwell,US 1812
Trentham,US 1812
Trepho,US 1812
Trimble,US 1812
Trotmcn,US 1812
Trotmon,US 1812
Troupa,US 1812
Trout,US 1812
Trump,US 1812
Trux,US 1812
Tuckee,US 1812
Tucker,US 1812
Tulli,US 1812
Turnay,US 1812
Turnbo,US 1812
Turnbow,US 1812
Turner,US 1812
Turvin,US 1812
Tweedy,US 1812
Tyrone,US 1812
Upton,US 1812
Vadarsdal,US 1812
Van Hoozer,US 1812
Vanarsdale,US 1812
Vanarsdall,US 1812
Vance,US 1812
Vandiver,US 1812
Vanhoofer,US 1812
Vanhooser,US 1812
Vanhoozer,US 1812
Vanic,US 1812
Vanwinkle,US 1812
Vassume,US 1812
Vassure,US 1812
Vaughan,US 1812
Vaughn,US 1812
Vaught,US 1812
Vaugn,US 1812
Vermillion,US 1812
Vernon,US 1812
Vickers,US 1812
Vickery,US 1812
Vickory,US 1812
Vincent,US 1812
Vining,US 1812
Vinzant,US 1812
Virgin,US 1812
Vonoy,US 1812
Waddle,US 1812
Waddy,US 1812
Wadley,US 1812
Waggoner,US 1812
Wainwright,US 1812
Wakefield,US 1812
Walden,US 1812
Walker,US 1812
Wall,US 1812
Wallace,US 1812
Wallis,US 1812
Walls,US 1812
Walter,US 1812
Ward,US 1812
Wardin,US 1812
Wardlow,US 1812
Ware,US 1812
Warren,US 1812
Waters,US 1812
Watley,US 1812
Weaver,US 1812
Webb,US 1812
Welch,US 1812
Wells,US 1812
Wentsworth,US 1812
West,US 1812
Wetherel,US 1812
Whaley,US 1812
Wheat,US 1812
Wheeler,US 1812
Wheelock,US 1812
Whitaker,US 1812
White,US 1812
Whiteside,US 1812
Whitesides,US 1812
Whitford,US 1812
Whitiker,US 1812
Whitley,US 1812
Whitney,US 1812
Whitour,US 1812
Whittington,US 1812
Whooley,US 1812
Wilbanks,US 1812
Wilcox,US 1812
Wilderman,US 1812
Wilkerson,US 1812
Wilkinson,US 1812
Willborn,US 1812
Williams,US 1812
Williamson,US 1812
Willis,US 1812
Wills,US 1812
Wilmouth,US 1812
Wilson,US 1812
Windham,US 1812
Windsor,US 1812
Wingate,US 1812
Wingfield,US 1812
Winghart,US 1812
Winkler,US 1812
Winn,US 1812
Winsted,US 1812
Winston,US 1812
Winters,US 1812
Wise,US 1812
Wisser,US 1812
Witherington,US 1812
Witt,US 1812
Wobrick,US 1812
Wodams,US 1812
Wofford,US 1812
Woke,US 1812
Wolf,US 1812
Wolrick,US 1812
Wood,US 1812
Woodall,US 1812
Woodard,US 1812
Woodburn,US 1812
Woods,US 1812
Woodward,US 1812
Woolf,US 1812
Wootan,US 1812
Worley,US 1812
Wright,US 1812
Wrights,US 1812
Wyett,US 1812
Yarborough,US 1812
Yates,US 1812
Yocum,US 1812
York,US 1812
Young,US 1812
