Robert,M,US 1930," "
James,M,US 1930," "
John,M,US 1930," "
William,M,US 1930," "
Richard,M,US 1930," "
Charles,M,US 1930," "
Donald,M,US 1930," "
George,M,US 1930," "
Joseph,M,US 1930," "
Edward,M,US 1930," "
Thomas,M,US 1930," "
Paul,M,US 1930," "
Frank,M,US 1930," "
Jack,M,US 1930," "
David,M,US 1930," "
Kenneth,M,US 1930," "
Raymond,M,US 1930," "
Harold,M,US 1930," "
Walter,M,US 1930," "
Billy,M,US 1930," "
Eugene,M,US 1930," "
Henry,M,US 1930," "
Arthur,M,US 1930," "
Albert,M,US 1930," "
Ralph,M,US 1930," "
Carl,M,US 1930," "
Joe,M,US 1930," "
Harry,M,US 1930," "
Willie,M,US 1930," "
Gerald,M,US 1930," "
Howard,M,US 1930," "
Fred,M,US 1930," "
Roy,M,US 1930," "
Louis,M,US 1930," "
Herbert,M,US 1930," "
Lawrence,M,US 1930," "
Ronald,M,US 1930," "
Earl,M,US 1930," "
Clarence,M,US 1930," "
Norman,M,US 1930," "
Bobby,M,US 1930," "
Francis,M,US 1930," "
Ernest,M,US 1930," "
Anthony,M,US 1930," "
Leonard,M,US 1930," "
Alfred,M,US 1930," "
Daniel,M,US 1930," "
Marvin,M,US 1930," "
Stanley,M,US 1930," "
Melvin,M,US 1930," "
Jerry,M,US 1930," "
Bernard,M,US 1930," "
Leroy,M,US 1930," "
Michael,M,US 1930," "
Samuel,M,US 1930," "
Peter,M,US 1930," "
Roger,M,US 1930," "
Ray,M,US 1930," "
Bill,M,US 1930," "
Russell,M,US 1930," "
Floyd,M,US 1930," "
Andrew,M,US 1930," "
Leo,M,US 1930," "
Dale,M,US 1930," "
Wayne,M,US 1930," "
Edwin,M,US 1930," "
Theodore,M,US 1930," "
Don,M,US 1930," "
Lloyd,M,US 1930," "
Gene,M,US 1930," "
Glenn,M,US 1930," "
Vernon,M,US 1930," "
Frederick,M,US 1930," "
Clifford,M,US 1930," "
Philip,M,US 1930," "
Clyde,M,US 1930," "
Gordon,M,US 1930," "
Herman,M,US 1930," "
Alvin,M,US 1930," "
Elmer,M,US 1930," "
Leon,M,US 1930," "
Lee,M,US 1930," "
Martin,M,US 1930," "
Vincent,M,US 1930," "
Allen,M,US 1930," "
Jimmie,M,US 1930," "
Lewis,M,US 1930," "
Bob,M,US 1930," "
Douglas,M,US 1930," "
Gilbert,M,US 1930," "
Charlie,M,US 1930," "
Harvey,M,US 1930," "
Milton,M,US 1930," "
Jesse,M,US 1930," "
Lester,M,US 1930," "
Warren,M,US 1930," "
Eddie,M,US 1930," "
Arnold,M,US 1930," "
Cecil,M,US 1930," "
Victor,M,US 1930," "
Johnny,M,US 1930," "
Jimmy,M,US 1930," "
Chester,M,US 1930," "
Johnnie,M,US 1930," "
Jerome,M,US 1930," "
Larry,M,US 1930," "
Curtis,M,US 1930," "
Bruce,M,US 1930," "
Roland,M,US 1930," "
Sam,M,US 1930," "
Calvin,M,US 1930," "
Wallace,M,US 1930," "
Jose,M,US 1930," "
Benjamin,M,US 1930," "
Glen,M,US 1930," "
Maurice,M,US 1930," "
Willard,M,US 1930," "
Patrick,M,US 1930," "
Edgar,M,US 1930," "
Duane,M,US 1930," "
Manuel,M,US 1930," "
Claude,M,US 1930," "
Billie,M,US 1930," "
Jim,M,US 1930," "
Oscar,M,US 1930," "
Marion,M,US 1930," "
Tommy,M,US 1930," "
Virgil,M,US 1930," "
Dean,M,US 1930," "
Keith,M,US 1930," "
Hugh,M,US 1930," "
Tom,M,US 1930," "
Jessie,M,US 1930," "
Everett,M,US 1930," "
Junior,M,US 1930," "
Alan,M,US 1930," "
Hubert,M,US 1930," "
Stephen,M,US 1930," "
Leslie,M,US 1930," "
Rudolph,M,US 1930," "
Wilbur,M,US 1930," "
Wesley,M,US 1930," "
Max,M,US 1930," "
Phillip,M,US 1930," "
Dennis,M,US 1930," "
Homer,M,US 1930," "
Nicholas,M,US 1930," "
Luther,M,US 1930," "
Franklin,M,US 1930," "
Sidney,M,US 1930," "
Delbert,M,US 1930," "
Morris,M,US 1930," "
Earnest,M,US 1930," "
Ben,M,US 1930," "
Allan,M,US 1930," "
Ted,M,US 1930," "
Jackie,M,US 1930," "
Horace,M,US 1930," "
Willis,M,US 1930," "
Lyle,M,US 1930," "
Dick,M,US 1930," "
Bennie,M,US 1930," "
Tony,M,US 1930," "
Juan,M,US 1930," "
Dan,M,US 1930," "
Jay,M,US 1930," "
Salvatore,M,US 1930," "
Alexander,M,US 1930," "
Steve,M,US 1930," "
Oliver,M,US 1930," "
Freddie,M,US 1930," "
Otis,M,US 1930," "
Darrell,M,US 1930," "
Guy,M,US 1930," "
Neil,M,US 1930," "
Julius,M,US 1930," "
Edmund,M,US 1930," "
Clayton,M,US 1930," "
Archie,M,US 1930," "
Alex,M,US 1930," "
Clifton,M,US 1930," "
Carroll,M,US 1930," "
Alton,M,US 1930," "
Ramon,M,US 1930," "
Nathaniel,M,US 1930," "
Jesus,M,US 1930," "
Orville,M,US 1930," "
Marshall,M,US 1930," "
Antonio,M,US 1930," "
Angelo,M,US 1930," "
Lowell,M,US 1930," "
Wilbert,M,US 1930," "
Gary,M,US 1930," "
Lonnie,M,US 1930," "
Mike,M,US 1930," "
Myron,M,US 1930," "
Merle,M,US 1930," "
Leland,M,US 1930," "
Ira,M,US 1930," "
Bobbie,M,US 1930," "
Clinton,M,US 1930," "
Wendell,M,US 1930," "
Ivan,M,US 1930," "
Matthew,M,US 1930," "
Dewey,M,US 1930," "
Karl,M,US 1930," "
Irving,M,US 1930," "
Rodney,M,US 1930," "
Nelson,M,US 1930," "
Nick,M,US 1930," "
Ervin,M,US 1930," "
Jacob,M,US 1930," "
Elbert,M,US 1930," "
Gerard,M,US 1930," "
Doyle,M,US 1930," "
Wilfred,M,US 1930," "
Sylvester,M,US 1930," "
Irvin,M,US 1930," "
Mark,M,US 1930," "
Julian,M,US 1930," "
Perry,M,US 1930," "
Pete,M,US 1930," "
Carlos,M,US 1930," "
Eldon,M,US 1930," "
Rufus,M,US 1930," "
Laurence,M,US 1930," "
Burton,M,US 1930," "
Norbert,M,US 1930," "
Malcolm,M,US 1930," "
Isaac,M,US 1930," "
Fredrick,M,US 1930," "
Dwight,M,US 1930," "
Bert,M,US 1930," "
Rex,M,US 1930," "
Nathan,M,US 1930," "
Loren,M,US 1930," "
Benny,M,US 1930," "
Forrest,M,US 1930," "
Tommie,M,US 1930," "
Troy,M,US 1930," "
Roosevelt,M,US 1930," "
Ellis,M,US 1930," "
Ruben,M,US 1930," "
Felix,M,US 1930," "
Owen,M,US 1930," "
Emil,M,US 1930," "
Grady,M,US 1930," "
Conrad,M,US 1930," "
Mack,M,US 1930," "
Aaron,M,US 1930," "
Loyd,M,US 1930," "
Ross,M,US 1930," "
Pedro,M,US 1930," "
Irwin,M,US 1930," "
Francisco,M,US 1930," "
Byron,M,US 1930," "
Sherman,M,US 1930," "
Carlton,M,US 1930," "
Johnie,M,US 1930," "
Amos,M,US 1930," "
Elwood,M,US 1930," "
Lynn,M,US 1930," "
Harley,M,US 1930," "
Joel,M,US 1930," "
Mario,M,US 1930," "
Seymour,M,US 1930," "
Buddy,M,US 1930," "
Emmett,M,US 1930," "
Otto,M,US 1930," "
Rudy,M,US 1930," "
August,M,US 1930," "
Percy,M,US 1930," "
Boyd,M,US 1930," "
Wilson,M,US 1930," "
Harlan,M,US 1930," "
Dominick,M,US 1930," "
Reginald,M,US 1930," "
Teddy,M,US 1930," "
Murray,M,US 1930," "
Stuart,M,US 1930," "
Raul,M,US 1930," "
Sheldon,M,US 1930," "
Laverne,M,US 1930," "
Grover,M,US 1930," "
Roberto,M,US 1930," "
Louie,M,US 1930," "
Aubrey,M,US 1930," "
Garland,M,US 1930," "
Danny,M,US 1930," "
Austin,M,US 1930," "
Dallas,M,US 1930," "
Neal,M,US 1930," "
Preston,M,US 1930," "
Dominic,M,US 1930," "
Alfonso,M,US 1930," "
Luis,M,US 1930," "
Erwin,M,US 1930," "
Pat,M,US 1930," "
Cornelius,M,US 1930," "
Morton,M,US 1930," "
Edmond,M,US 1930," "
Maynard,M,US 1930," "
Roscoe,M,US 1930," "
Sammie,M,US 1930," "
Sammy,M,US 1930," "
Abraham,M,US 1930," "
Mary,M,US 1930," "
Dave,M,US 1930," "
Millard,M,US 1930," "
Elvin,M,US 1930," "
Delmar,M,US 1930," "
Merlin,M,US 1930," "
Clair,M,US 1930," "
Steven,M,US 1930," "
Marlin,M,US 1930," "
Timothy,M,US 1930," "
Grant,M,US 1930," "
Elton,M,US 1930," "
Wade,M,US 1930," "
Terry,M,US 1930," "
Adolph,M,US 1930," "
Salvador,M,US 1930," "
Charley,M,US 1930," "
Moses,M,US 1930," "
Royce,M,US 1930," "
Jasper,M,US 1930," "
Jean,M,US 1930," "
Cleveland,M,US 1930," "
Simon,M,US 1930," "
Lionel,M,US 1930," "
Darwin,M,US 1930," "
Reuben,M,US 1930," "
Kermit,M,US 1930," "
Marcus,M,US 1930," "
Carmen,M,US 1930," "
Sanford,M,US 1930," "
Adam,M,US 1930," "
Shirley,M,US 1930," "
Randolph,M,US 1930," "
Alonzo,M,US 1930," "
Hollis,M,US 1930," "
Alfredo,M,US 1930," "
Armando,M,US 1930," "
Christopher,M,US 1930," "
Odell,M,US 1930," "
Wilmer,M,US 1930," "
Darrel,M,US 1930," "
Lavern,M,US 1930," "
Gus,M,US 1930," "
Monroe,M,US 1930," "
Thurman,M,US 1930," "
Merrill,M,US 1930," "
Ned,M,US 1930," "
Ollie,M,US 1930," "
Stewart,M,US 1930," "
Will,M,US 1930," "
Andy,M,US 1930," "
Frankie,M,US 1930," "
Clark,M,US 1930," "
Emanuel,M,US 1930," "
Travis,M,US 1930," "
Wilburn,M,US 1930," "
Mitchell,M,US 1930," "
Gregory,M,US 1930," "
Guadalupe,M,US 1930," "
Weldon,M,US 1930," "
Armand,M,US 1930," "
Harrison,M,US 1930," "
Randall,M,US 1930," "
Barry,M,US 1930," "
Buford,M,US 1930," "
Rocco,M,US 1930," "
Ed,M,US 1930," "
Clement,M,US 1930," "
Lamar,M,US 1930," "
Norris,M,US 1930," "
Rolland,M,US 1930," "
Russel,M,US 1930," "
Elijah,M,US 1930," "
Ward,M,US 1930," "
Van,M,US 1930," "
Vern,M,US 1930," "
Carol,M,US 1930," "
Gabriel,M,US 1930," "
Jake,M,US 1930," "
Miguel,M,US 1930," "
Barney,M,US 1930," "
Basil,M,US 1930," "
Jackson,M,US 1930," "
Patsy,M,US 1930," "
Ricardo,M,US 1930," "
Coy,M,US 1930," "
Noel,M,US 1930," "
Rafael,M,US 1930," "
Cyril,M,US 1930," "
Lorenzo,M,US 1930," "
Wiley,M,US 1930," "
Woodrow,M,US 1930," "
Cleo,M,US 1930," "
Earle,M,US 1930," "
Wilford,M,US 1930," "
Alva,M,US 1930," "
Sterling,M,US 1930," "
Eric,M,US 1930," "
Jess,M,US 1930," "
Normand,M,US 1930," "
Dudley,M,US 1930," "
Forest,M,US 1930," "
Pablo,M,US 1930," "
Adrian,M,US 1930," "
Rodolfo,M,US 1930," "
Emory,M,US 1930," "
Vito,M,US 1930," "
Truman,M,US 1930," "
Booker,M,US 1930," "
Hershel,M,US 1930," "
Winston,M,US 1930," "
Gale,M,US 1930," "
Carmine,M,US 1930," "
Claud,M,US 1930," "
Hector,M,US 1930," "
Levi,M,US 1930," "
Mervin,M,US 1930," "
Solomon,M,US 1930," "
Emery,M,US 1930," "
Eli,M,US 1930," "
Jerald,M,US 1930," "
Noah,M,US 1930," "
Carrol,M,US 1930," "
Silas,M,US 1930," "
Winfred,M,US 1930," "
Elmo,M,US 1930," "
Phil,M,US 1930," "
Arturo,M,US 1930," "
Harris,M,US 1930," "
Linwood,M,US 1930," "
Rene,M,US 1930," "
Enrique,M,US 1930," "
Jeff,M,US 1930," "
Nolan,M,US 1930," "
Bud,M,US 1930," "
Cletus,M,US 1930," "
Delmer,M,US 1930," "
Donnie,M,US 1930," "
Elliott,M,US 1930," "
Emilio,M,US 1930," "
Huey,M,US 1930," "
Fernando,M,US 1930," "
Orval,M,US 1930," "
Thaddeus,M,US 1930," "
Chris,M,US 1930," "
Elias,M,US 1930," "
Milford,M,US 1930," "
Emerson,M,US 1930," "
Herschel,M,US 1930," "
Al,M,US 1930," "
Ernesto,M,US 1930," "
Kent,M,US 1930," "
Lenard,M,US 1930," "
Angel,M,US 1930," "
Miles,M,US 1930," "
Roman,M,US 1930," "
Freeman,M,US 1930," "
Frederic,M,US 1930," "
Pasquale,M,US 1930," "
Riley,M,US 1930," "
Hoyt,M,US 1930," "
Bruno,M,US 1930," "
Royal,M,US 1930," "
Alphonse,M,US 1930," "
Bertram,M,US 1930," "
Blaine,M,US 1930," "
Julio,M,US 1930," "
Tomas,M,US 1930," "
Alberto,M,US 1930," "
Vance,M,US 1930," "
Betty,M,US 1930," "
Milo,M,US 1930," "
Hal,M,US 1930," "
Olin,M,US 1930," "
Roderick,M,US 1930," "
Spencer,M,US 1930," "
Dorothy,M,US 1930," "
Gail,M,US 1930," "
Saul,M,US 1930," "
Lyman,M,US 1930," "
Ulysses,M,US 1930," "
Vaughn,M,US 1930," "
Odis,M,US 1930," "
Alden,M,US 1930," "
Anton,M,US 1930," "
Ferdinand,M,US 1930," "
Monte,M,US 1930," "
Scott,M,US 1930," "
Wilber,M,US 1930," "
Hiram,M,US 1930," "
Hugo,M,US 1930," "
Wilton,M,US 1930," "
Buster,M,US 1930," "
Major,M,US 1930," "
Mary,F,US 1930," "
Betty,F,US 1930," "
Dorothy,F,US 1930," "
Helen,F,US 1930," "
Margaret,F,US 1930," "
Barbara,F,US 1930," "
Patricia,F,US 1930," "
Joan,F,US 1930," "
Doris,F,US 1930," "
Ruth,F,US 1930," "
Shirley,F,US 1930," "
Virginia,F,US 1930," "
Dolores,F,US 1930," "
Jean,F,US 1930," "
Elizabeth,F,US 1930," "
Frances,F,US 1930," "
Lois,F,US 1930," "
Joyce,F,US 1930," "
Evelyn,F,US 1930," "
Alice,F,US 1930," "
Mildred,F,US 1930," "
Marilyn,F,US 1930," "
Anna,F,US 1930," "
Nancy,F,US 1930," "
Norma,F,US 1930," "
Marie,F,US 1930," "
Martha,F,US 1930," "
Phyllis,F,US 1930," "
Rose,F,US 1930," "
Gloria,F,US 1930," "
Louise,F,US 1930," "
Marjorie,F,US 1930," "
Irene,F,US 1930," "
Beverly,F,US 1930," "
Catherine,F,US 1930," "
Ruby,F,US 1930," "
Donna,F,US 1930," "
Florence,F,US 1930," "
Eleanor,F,US 1930," "
Annie,F,US 1930," "
Ann,F,US 1930," "
Rita,F,US 1930," "
Lillian,F,US 1930," "
Geraldine,F,US 1930," "
Thelma,F,US 1930," "
Lorraine,F,US 1930," "
June,F,US 1930," "
Gladys,F,US 1930," "
Josephine,F,US 1930," "
Theresa,F,US 1930," "
Edna,F,US 1930," "
Pauline,F,US 1930," "
Janet,F,US 1930," "
Carol,F,US 1930," "
Jane,F,US 1930," "
Wanda,F,US 1930," "
Juanita,F,US 1930," "
Bernice,F,US 1930," "
Lucille,F,US 1930," "
Marion,F,US 1930," "
Edith,F,US 1930," "
Grace,F,US 1930," "
Audrey,F,US 1930," "
Clara,F,US 1930," "
Ethel,F,US 1930," "
Delores,F,US 1930," "
Peggy,F,US 1930," "
Wilma,F,US 1930," "
Elaine,F,US 1930," "
Sarah,F,US 1930," "
Hazel,F,US 1930," "
Carolyn,F,US 1930," "
Emma,F,US 1930," "
Jacqueline,F,US 1930," "
Charlotte,F,US 1930," "
Beatrice,F,US 1930," "
Esther,F,US 1930," "
Bonnie,F,US 1930," "
Billie,F,US 1930," "
Marian,F,US 1930," "
Joanne,F,US 1930," "
Rosemary,F,US 1930," "
Anne,F,US 1930," "
Kathleen,F,US 1930," "
Katherine,F,US 1930," "
Eva,F,US 1930," "
Willie,F,US 1930," "
Elsie,F,US 1930," "
Laura,F,US 1930," "
Julia,F,US 1930," "
Vivian,F,US 1930," "
Jeanne,F,US 1930," "
Maxine,F,US 1930," "
Ida,F,US 1930," "
Bertha,F,US 1930," "
Gertrude,F,US 1930," "
Patsy,F,US 1930," "
Sally,F,US 1930," "
Maria,F,US 1930," "
Ellen,F,US 1930," "
Kathryn,F,US 1930," "
Agnes,F,US 1930," "
Arlene,F,US 1930," "
Vera,F,US 1930," "
Loretta,F,US 1930," "
Jeanette,F,US 1930," "
Ella,F,US 1930," "
Bessie,F,US 1930," "
Alma,F,US 1930," "
Eileen,F,US 1930," "
Lillie,F,US 1930," "
Margie,F,US 1930," "
Nellie,F,US 1930," "
Jessie,F,US 1930," "
Anita,F,US 1930," "
Viola,F,US 1930," "
Georgia,F,US 1930," "
Joann,F,US 1930," "
Lucy,F,US 1930," "
Violet,F,US 1930," "
Pearl,F,US 1930," "
Minnie,F,US 1930," "
Myrtle,F,US 1930," "
Christine,F,US 1930," "
Roberta,F,US 1930," "
Janice,F,US 1930," "
Velma,F,US 1930," "
Mattie,F,US 1930," "
Rosa,F,US 1930," "
Leona,F,US 1930," "
Jo,F,US 1930," "
Sylvia,F,US 1930," "
Geneva,F,US 1930," "
Bobbie,F,US 1930," "
Sara,F,US 1930," "
Claire,F,US 1930," "
Mae,F,US 1930," "
Harriet,F,US 1930," "
Naomi,F,US 1930," "
Stella,F,US 1930," "
Darlene,F,US 1930," "
Dora,F,US 1930," "
Genevieve,F,US 1930," "
Lena,F,US 1930," "
Constance,F,US 1930," "
Carrie,F,US 1930," "
Alberta,F,US 1930," "
Eunice,F,US 1930," "
Ramona,F,US 1930," "
Mabel,F,US 1930," "
Verna,F,US 1930," "
Jennie,F,US 1930," "
Emily,F,US 1930," "
Rosie,F,US 1930," "
Muriel,F,US 1930," "
Opal,F,US 1930," "
Lula,F,US 1930," "
Hilda,F,US 1930," "
Marguerite,F,US 1930," "
Hattie,F,US 1930," "
Cora,F,US 1930," "
Lola,F,US 1930," "
Joy,F,US 1930," "
Rachel,F,US 1930," "
Yvonne,F,US 1930," "
Fannie,F,US 1930," "
Sue,F,US 1930," "
Beulah,F,US 1930," "
Erma,F,US 1930," "
Lila,F,US 1930," "
Inez,F,US 1930," "
Caroline,F,US 1930," "
Madeline,F,US 1930," "
Flora,F,US 1930," "
Rosalie,F,US 1930," "
Rebecca,F,US 1930," "
Faye,F,US 1930," "
Laverne,F,US 1930," "
Blanche,F,US 1930," "
Irma,F,US 1930," "
Daisy,F,US 1930," "
Eula,F,US 1930," "
Miriam,F,US 1930," "
Carmen,F,US 1930," "
Ada,F,US 1930," "
Marcella,F,US 1930," "
Mamie,F,US 1930," "
Imogene,F,US 1930," "
Eloise,F,US 1930," "
Nora,F,US 1930," "
Bettie,F,US 1930," "
Susan,F,US 1930," "
Nina,F,US 1930," "
Teresa,F,US 1930," "
Charlene,F,US 1930," "
Jeannette,F,US 1930," "
Antoinette,F,US 1930," "
Mable,F,US 1930," "
Ernestine,F,US 1930," "
Gwendolyn,F,US 1930," "
Colleen,F,US 1930," "
Judith,F,US 1930," "
Iris,F,US 1930," "
Rosemarie,F,US 1930," "
Susie,F,US 1930," "
Johnnie,F,US 1930," "
Della,F,US 1930," "
Deloris,F,US 1930," "
Estelle,F,US 1930," "
Melba,F,US 1930," "
Lorene,F,US 1930," "
Angelina,F,US 1930," "
Priscilla,F,US 1930," "
Sadie,F,US 1930," "
Regina,F,US 1930," "
Maggie,F,US 1930," "
Suzanne,F,US 1930," "
Marianne,F,US 1930," "
Connie,F,US 1930," "
Annette,F,US 1930," "
Bette,F,US 1930," "
Olga,F,US 1930," "
Patty,F,US 1930," "
Bettye,F,US 1930," "
Diane,F,US 1930," "
Katie,F,US 1930," "
Pat,F,US 1930," "
Victoria,F,US 1930," "
Janie,F,US 1930," "
Winifred,F,US 1930," "
Marcia,F,US 1930," "
Jewel,F,US 1930," "
Lydia,F,US 1930," "
Dorthy,F,US 1930," "
Amelia,F,US 1930," "
Reba,F,US 1930," "
Ora,F,US 1930," "
Henrietta,F,US 1930," "
Jacquelyn,F,US 1930," "
Nadine,F,US 1930," "
Ollie,F,US 1930," "
Nettie,F,US 1930," "
Angela,F,US 1930," "
Dorothea,F,US 1930," "
Veronica,F,US 1930," "
Fern,F,US 1930," "
Jackie,F,US 1930," "
Ina,F,US 1930," "
Natalie,F,US 1930," "
Essie,F,US 1930," "
Fay,F,US 1930," "
Paula,F,US 1930," "
Freda,F,US 1930," "
Iva,F,US 1930," "
Luella,F,US 1930," "
Cynthia,F,US 1930," "
Isabel,F,US 1930," "
Jeannine,F,US 1930," "
Lela,F,US 1930," "
Therese,F,US 1930," "
Jimmie,F,US 1930," "
Cecilia,F,US 1930," "
Diana,F,US 1930," "
Sallie,F,US 1930," "
Adele,F,US 1930," "
Celia,F,US 1930," "
Lottie,F,US 1930," "
Glenna,F,US 1930," "
Adeline,F,US 1930," "
May,F,US 1930," "
Helene,F,US 1930," "
Etta,F,US 1930," "
Selma,F,US 1930," "
Angeline,F,US 1930," "
Frankie,F,US 1930," "
Mona,F,US 1930," "
Olive,F,US 1930," "
Clarice,F,US 1930," "
Jewell,F,US 1930," "
Bernadine,F,US 1930," "
Maureen,F,US 1930," "
Mavis,F,US 1930," "
Leola,F,US 1930," "
Ola,F,US 1930," "
Cecelia,F,US 1930," "
Goldie,F,US 1930," "
Sharon,F,US 1930," "
Sophie,F,US 1930," "
Lenora,F,US 1930," "
Cleo,F,US 1930," "
Dixie,F,US 1930," "
Willa,F,US 1930," "
Nell,F,US 1930," "
Addie,F,US 1930," "
Elinor,F,US 1930," "
Elva,F,US 1930," "
Rhoda,F,US 1930," "
Lizzie,F,US 1930," "
Linda,F,US 1930," "
Myra,F,US 1930," "
Effie,F,US 1930," "
Lucile,F,US 1930," "
Myrna,F,US 1930," "
Elvira,F,US 1930," "
Gracie,F,US 1930," "
Lou,F,US 1930," "
Francis,F,US 1930," "
Annabelle,F,US 1930," "
Estella,F,US 1930," "
Lee,F,US 1930," "
Carmela,F,US 1930," "
Ila,F,US 1930," "
Corinne,F,US 1930," "
Earline,F,US 1930," "
Maryann,F,US 1930," "
Isabelle,F,US 1930," "
Nelda,F,US 1930," "
Alta,F,US 1930," "
Carole,F,US 1930," "
Guadalupe,F,US 1930," "
Robert,F,US 1930," "
James,F,US 1930," "
Rosetta,F,US 1930," "
Virgie,F,US 1930," "
Lenore,F,US 1930," "
Lupe,F,US 1930," "
Olivia,F,US 1930," "
Dona,F,US 1930," "
John,F,US 1930," "
Ruthie,F,US 1930," "
Dolly,F,US 1930," "
Amy,F,US 1930," "
Elnora,F,US 1930," "
Lavonne,F,US 1930," "
Polly,F,US 1930," "
Rena,F,US 1930," "
Arline,F,US 1930," "
Zelma,F,US 1930," "
Consuelo,F,US 1930," "
Dollie,F,US 1930," "
Judy,F,US 1930," "
Flossie,F,US 1930," "
Neva,F,US 1930," "
Rosella,F,US 1930," "
Eleanore,F,US 1930," "
Jerry,F,US 1930," "
Renee,F,US 1930," "
Betsy,F,US 1930," "
Elma,F,US 1930," "
Beverley,F,US 1930," "
Joanna,F,US 1930," "
Nannie,F,US 1930," "
Carmella,F,US 1930," "
Josie,F,US 1930," "
Eddie,F,US 1930," "
Margery,F,US 1930," "
Mollie,F,US 1930," "
Yolanda,F,US 1930," "
Kay,F,US 1930," "
Greta,F,US 1930," "
Aileen,F,US 1930," "
Molly,F,US 1930," "
Sheila,F,US 1930," "
Wilda,F,US 1930," "
Eugenia,F,US 1930," "
Earnestine,F,US 1930," "
Claudia,F,US 1930," "
Loraine,F,US 1930," "
Tommie,F,US 1930," "
Alicia,F,US 1930," "
Harriett,F,US 1930," "
Cornelia,F,US 1930," "
Pearlie,F,US 1930," "
Lorna,F,US 1930," "
Concetta,F,US 1930," "
Aurora,F,US 1930," "
Leah,F,US 1930," "
Robbie,F,US 1930," "
Corrine,F,US 1930," "
Bernadette,F,US 1930," "
Lora,F,US 1930," "
Nola,F,US 1930," "
Sybil,F,US 1930," "
Frieda,F,US 1930," "
Christina,F,US 1930," "
Leila,F,US 1930," "
Margarita,F,US 1930," "
Marlene,F,US 1930," "
Lily,F,US 1930," "
Matilda,F,US 1930," "
Nona,F,US 1930," "
Sandra,F,US 1930," "
Letha,F,US 1930," "
Winnie,F,US 1930," "
Cecile,F,US 1930," "
Avis,F,US 1930," "
Delia,F,US 1930," "
Odessa,F,US 1930," "
William,F,US 1930," "
Aline,F,US 1930," "
Earlene,F,US 1930," "
Evangeline,F,US 1930," "
Janis,F,US 1930," "
Allie,F,US 1930," "
Bobby,F,US 1930," "
Louella,F,US 1930," "
Maude,F,US 1930," "
Melva,F,US 1930," "
Antonia,F,US 1930," "
Roslyn,F,US 1930," "
Ilene,F,US 1930," "
Millie,F,US 1930," "
Doreen,F,US 1930," "
Beth,F,US 1930," "
Joe,F,US 1930," "
Ophelia,F,US 1930," "
Reva,F,US 1930," "
Georgie,F,US 1930," "
Hannah,F,US 1930," "
Julie,F,US 1930," "
Eliza,F,US 1930," "
Florine,F,US 1930," "
Gwen,F,US 1930," "
Lessie,F,US 1930," "
Johanna,F,US 1930," "
Lilly,F,US 1930," "
Pansy,F,US 1930," "
Delphine,F,US 1930," "
Elouise,F,US 1930," "
George,F,US 1930," "
Helena,F,US 1930," "
Hope,F,US 1930," "
Lorine,F,US 1930," "
Charles,F,US 1930," "
Corine,F,US 1930," "
Dorris,F,US 1930," "
Merle,F,US 1930," "
Jenny,F,US 1930," "
Emogene,F,US 1930," "
Mercedes,F,US 1930," "
Berniece,F,US 1930," "
Bertie,F,US 1930," "
Clare,F,US 1930," "
Iona,F,US 1930," "
Marietta,F,US 1930," "
Callie,F,US 1930," "
Faith,F,US 1930," "
Ima,F,US 1930," "
Alyce,F,US 1930," "
Zelda,F,US 1930," "
Angie,F,US 1930," "
Valerie,F,US 1930," "
Dawn,F,US 1930," "
Winona,F,US 1930," "
Jannie,F,US 1930," "
Bonita,F,US 1930," "
Elena,F,US 1930," "
Leatrice,F,US 1930," "
Hester,F,US 1930," "
Lorena,F,US 1930," "
Leta,F,US 1930," "
Alene,F,US 1930," "
Gilda,F,US 1930," "
Madge,F,US 1930," "
Marlys,F,US 1930," "
Adelaide,F,US 1930," "
Claudine,F,US 1930," "
Josefina,F,US 1930," "
Katharine,F,US 1930," "
Bennie,F,US 1930," "
Maurine,F,US 1930," "
Dortha,F,US 1930," "
Leota,F,US 1930," "
Queen,F,US 1930," "
Amanda,F,US 1930," "
Lelia,F,US 1930," "
Beryl,F,US 1930," "
Gail,F,US 1930," "
Rosalyn,F,US 1930," "
Janette,F,US 1930," "
Ardis,F,US 1930," "
Ester,F,US 1930," "
Freddie,F,US 1930," "
Maudie,F,US 1930," "
Edwina,F,US 1930," "
Vada,F,US 1930," "
Marjory,F,US 1930," "
Madelyn,F,US 1930," "
Juana,F,US 1930," "
Iola,F,US 1930," "
Zella,F,US 1930," "
Allene,F,US 1930," "
Roxie,F,US 1930," "
Dessie,F,US 1930," "
Glenda,F,US 1930," "
Jaunita,F,US 1930," "
Lucia,F,US 1930," "
Margret,F,US 1930," "
Charlie,F,US 1930," "
Gretchen,F,US 1930," "
Ignacio,M,US 1930," "
Dalton,M,US 1930," "
Luke,M,US 1930," "
Ronnie,M,US 1930," "
Domingo,M,US 1930," "
Arlen,M,US 1930," "
Felipe,M,US 1930," "
Gilberto,M,US 1930," "
Merlyn,M,US 1930," "
Arden,M,US 1930," "
Denver,M,US 1930," "
Dwayne,M,US 1930," "
Elroy,M,US 1930," "
Omer,M,US 1930," "
Burl,M,US 1930," "
Daryl,M,US 1930," "
Everette,M,US 1930," "
Olen,M,US 1930," "
Gaylord,M,US 1930," "
Hobert,M,US 1930," "
Arlie,M,US 1930," "
Carlo,M,US 1930," "
Connie,M,US 1930," "
Clay,M,US 1930," "
Alphonso,M,US 1930," "
Marcel,M,US 1930," "
Frances,M,US 1930," "
Rodger,M,US 1930," "
Dewitt,M,US 1930," "
Houston,M,US 1930," "
Jeremiah,M,US 1930," "
Raymon,M,US 1930," "
Evan,M,US 1930," "
Doris,M,US 1930," "
Ellsworth,M,US 1930," "
Mickey,M,US 1930," "
Abel,M,US 1930," "
Andres,M,US 1930," "
Dana,M,US 1930," "
Harmon,M,US 1930," "
Micheal,M,US 1930," "
Anderson,M,US 1930," "
Augustine,M,US 1930," "
Augustus,M,US 1930," "
Bradley,M,US 1930," "
Bryan,M,US 1930," "
Fletcher,M,US 1930," "
Foster,M,US 1930," "
Emile,M,US 1930," "
Isaiah,M,US 1930," "
Mathew,M,US 1930," "
Verne,M,US 1930," "
Freddy,M,US 1930," "
Rollin,M,US 1930," "
Jules,M,US 1930," "
Santiago,M,US 1930," "
Kelly,M,US 1930," "
Arther,M,US 1930," "
Columbus,M,US 1930," "
Ramiro,M,US 1930," "
Orlando,M,US 1930," "
Sebastian,M,US 1930," "
Waldo,M,US 1930," "
Justin,M,US 1930," "
Noble,M,US 1930," "
Rogers,M,US 1930," "
Merton,M,US 1930," "
Nickolas,M,US 1930," "
Jewel,M,US 1930," "
Shelby,M,US 1930," "
Valentine,M,US 1930," "
Davis,M,US 1930," "
Ezra,M,US 1930," "
Lupe,M,US 1930," "
Theron,M,US 1930," "
Quentin,M,US 1930," "
Coleman,M,US 1930," "
Hilton,M,US 1930," "
Morgan,M,US 1930," "
Alford,M,US 1930," "
Carson,M,US 1930," "
Lucien,M,US 1930," "
Warner,M,US 1930," "
Clarance,M,US 1930," "
Craig,M,US 1930," "
Edd,M,US 1930," "
Isiah,M,US 1930," "
Jason,M,US 1930," "
Kay,M,US 1930," "
Mckinley,M,US 1930," "
Ambrose,M,US 1930," "
Beverly,M,US 1930," "
Edsel,M,US 1930," "
Harland,M,US 1930," "
Reed,M,US 1930," "
Talmadge,M,US 1930," "
Avery,M,US 1930," "
Donn,M,US 1930," "
Elden,M,US 1930," "
Galen,M,US 1930," "
Joesph,M,US 1930," "
Jonathan,M,US 1930," "
Alejandro,M,US 1930," "
Eduardo,M,US 1930," "
Ernie,M,US 1930," "
Graham,M,US 1930," "
Lemuel,M,US 1930," "
Mose,M,US 1930," "
Stanford,M,US 1930," "
Benito,M,US 1930," "
Guillermo,M,US 1930," "
Hans,M,US 1930," "
Israel,M,US 1930," "
Lacy,M,US 1930," "
Romeo,M,US 1930," "
Jefferson,M,US 1930," "
Palmer,M,US 1930," "
Bernie,M,US 1930," "
Hermon,M,US 1930," "
Jerrold,M,US 1930," "
Newton,M,US 1930," "
Donal,M,US 1930," "
Kennith,M,US 1930," "
Maxwell,M,US 1930," "
Raphael,M,US 1930," "
Santos,M,US 1930," "
Sol,M,US 1930," "
Winford,M,US 1930," "
Aurelio,M,US 1930," "
Granville,M,US 1930," "
Mason,M,US 1930," "
Christian,M,US 1930," "
Cyrus,M,US 1930," "
Enoch,M,US 1930," "
Rubin,M,US 1930," "
Domenic,M,US 1930," "
Donovan,M,US 1930," "
Werner,M,US 1930," "
Casimir,M,US 1930," "
Vicente,M,US 1930," "
Aloysius,M,US 1930," "
Brian,M,US 1930," "
Hoover,M,US 1930," "
King,M,US 1930," "
Sonny,M,US 1930," "
Adolfo,M,US 1930," "
Joshua,M,US 1930," "
Judson,M,US 1930," "
Otha,M,US 1930," "
Rayford,M,US 1930," "
Theo,M,US 1930," "
Walker,M,US 1930," "
Alvis,M,US 1930," "
Benedict,M,US 1930," "
Dexter,M,US 1930," "
Dorsey,M,US 1930," "
Gayle,M,US 1930," "
Haywood,M,US 1930," "
Kyle,M,US 1930," "
Raleigh,M,US 1930," "
Bradford,M,US 1930," "
Denis,M,US 1930," "
Elwin,M,US 1930," "
Felton,M,US 1930," "
Sherwood,M,US 1930," "
Boyce,M,US 1930," "
Claudie,M,US 1930," "
Dee,M,US 1930," "
Haskell,M,US 1930," "
Lois,M,US 1930," "
Dock,M,US 1930," "
Jon,M,US 1930," "
Lincoln,M,US 1930," "
Loy,M,US 1930," "
Lucius,M,US 1930," "
Ora,M,US 1930," "
Oren,M,US 1930," "
Santo,M,US 1930," "
Abe,M,US 1930," "
Theadore,M,US 1930," "
Gregorio,M,US 1930," "
Kevin,M,US 1930," "
Rosario,M,US 1930," "
Alvie,M,US 1930," "
Bennett,M,US 1930," "
Bryce,M,US 1930," "
Fay,M,US 1930," "
Helen,M,US 1930," "
Lucian,M,US 1930," "
Eldridge,M,US 1930," "
Junius,M,US 1930," "
Sydney,M,US 1930," "
Eldred,M,US 1930," "
Gino,M,US 1930," "
Marlyn,M,US 1930," "
Elvis,M,US 1930," "
Fidel,M,US 1930," "
Napoleon,M,US 1930," "
Ottis,M,US 1930," "
Walton,M,US 1930," "
Leeroy,M,US 1930," "
Taylor,M,US 1930," "
Asa,M,US 1930," "
Burt,M,US 1930," "
Constantine,M,US 1930," "
June,M,US 1930," "
Porter,M,US 1930," "
Rupert,M,US 1930," "
Aldo,M,US 1930," "
Benton,M,US 1930," "
Blair,M,US 1930," "
Dolores,M,US 1930," "
Elwyn,M,US 1930," "
Jerold,M,US 1930," "
Jonas,M,US 1930," "
Kurt,M,US 1930," "
Reynold,M,US 1930," "
Bernice,M,US 1930," "
Denny,M,US 1930," "
Dewayne,M,US 1930," "
Dillard,M,US 1930," "
Dwain,M,US 1930," "
Elzie,M,US 1930," "
Emmitt,M,US 1930," "
Farrell,M,US 1930," "
Hobart,M,US 1930," "
Jordan,M,US 1930," "
Joyce,M,US 1930," "
Ken,M,US 1930," "
Nicolas,M,US 1930," "
Franklyn,M,US 1930," "
Ismael,M,US 1930," "
Sandy,M,US 1930," "
Waymon,M,US 1930," "
Zane,M,US 1930," "
Andre,M,US 1930," "
Barbara,M,US 1930," "
Crawford,M,US 1930," "
Elliot,M,US 1930," "
Guido,M,US 1930," "
Jewell,M,US 1930," "
Lawerence,M,US 1930," "
Merritt,M,US 1930," "
Williams,M,US 1930," "
Willian,M,US 1930," "
Joaquin,M,US 1930," "
Lindsey,M,US 1930," "
Bonnie,M,US 1930," "
Fredric,M,US 1930," "
Lon,M,US 1930," "
Milan,M,US 1930," "
Orin,M,US 1930," "
Regis,M,US 1930," "
Elisha,M,US 1930," "
Garfield,M,US 1930," "
Glendon,M,US 1930," "
Gustave,M,US 1930," "
Ignatius,M,US 1930," "
Matt,M,US 1930," "
Myles,M,US 1930," "
Robin,M,US 1930," "
Alois,M,US 1930," "
Clem,M,US 1930," "
Delton,M,US 1930," "
Hayward,M,US 1930," "
Mahlon,M,US 1930," "
Margaret,M,US 1930," "
Oswald,M,US 1930," "
Ruth,M,US 1930," "
Agustin,M,US 1930," "
Arvil,M,US 1930," "
Elmore,M,US 1930," "
Ivory,M,US 1930," "
Oran,M,US 1930," "
Reynaldo,M,US 1930," "
Domenick,M,US 1930," "
Joan,M,US 1930," "
Verlin,M,US 1930," "
Virginia,M,US 1930," "
Albin,M,US 1930," "
Antone,M,US 1930," "
Ardell,M,US 1930," "
Aron,M,US 1930," "
Brady,M,US 1930," "
Buck,M,US 1930," "
Duncan,M,US 1930," "
Glynn,M,US 1930," "
Kendall,M,US 1930," "
Kirby,M,US 1930," "
Meredith,M,US 1930," "
Pearl,M,US 1930," "
Rudolf,M,US 1930," "
Shelton,M,US 1930," "
Terrence,M,US 1930," "
Carleton,M,US 1930," "
Eddy,M,US 1930," "
Vernie,M,US 1930," "
Arvid,M,US 1930," "
Carey,M,US 1930," "
Carmelo,M,US 1930," "
Clovis,M,US 1930," "
Florian,M,US 1930," "
Loran,M,US 1930," "
Mac,M,US 1930," "
Melton,M,US 1930," "
Omar,M,US 1930," "
Rowland,M,US 1930," "
Val,M,US 1930," "
Barton,M,US 1930," "
Cruz,M,US 1930," "
Evans,M,US 1930," "
Lindy,M,US 1930," "
Virgle,M,US 1930," "
Winfield,M,US 1930," "
Chauncey,M,US 1930," "
Furman,M,US 1930," "
Garry,M,US 1930," "
Gerry,M,US 1930," "
Giles,M,US 1930," "
Maxie,M,US 1930," "
Miller,M,US 1930," "
Murry,M,US 1930," "
Prince,M,US 1930," "
Carter,M,US 1930," "
Dwaine,M,US 1930," "
Estel,M,US 1930," "
Loyal,M,US 1930," "
Newell,M,US 1930," "
Norton,M,US 1930," "
Norval,M,US 1930," "
Ruby,M,US 1930," "
Arlo,M,US 1930," "
Audrey,M,US 1930," "
Berry,M,US 1930," "
Bertrand,M,US 1930," "
Bryant,M,US 1930," "
Darold,M,US 1930," "
Murphy,M,US 1930," "
Rose,M,US 1930," "
Tim,M,US 1930," "
Tracy,M,US 1930," "
Art,M,US 1930," "
Arvin,M,US 1930," "
Clint,M,US 1930," "
Fritz,M,US 1930," "
Gearld,M,US 1930," "
Ike,M,US 1930," "
Leander,M,US 1930," "
Lucious,M,US 1930," "
Margarito,M,US 1930," "
Rosendo,M,US 1930," "
Willam,M,US 1930," "
Auther,M,US 1930," "
Carlyle,M,US 1930," "
Clare,M,US 1930," "
Davie,M,US 1930," "
Dorman,M,US 1930," "
Edison,M,US 1930," "
Ezell,M,US 1930," "
Garnett,M,US 1930," "
Hardy,M,US 1930," "
Isadore,M,US 1930," "
Malvin,M,US 1930," "
Marcelino,M,US 1930," "
Pierre,M,US 1930," "
Casper,M,US 1930," "
Dannie,M,US 1930," "
Derald,M,US 1930," "
Derl,M,US 1930," "
Emmet,M,US 1930," "
Norwood,M,US 1930," "
Obie,M,US 1930," "
Reid,M,US 1930," "
Addison,M,US 1930," "
Arlin,M,US 1930," "
Dayton,M,US 1930," "
Early,M,US 1930," "
Lambert,M,US 1930," "
Leopoldo,M,US 1930," "
Mariano,M,US 1930," "
Stanton,M,US 1930," "
Vester,M,US 1930," "
Adolphus,M,US 1930," "
Eloy,M,US 1930," "
Jere,M,US 1930," "
Kenny,M,US 1930," "
Lauren,M,US 1930," "
Lorin,M,US 1930," "
Orrin,M,US 1930," "
Wylie,M,US 1930," "
Arnulfo,M,US 1930," "
Cedric,M,US 1930," "
Cleon,M,US 1930," "
Cloyd,M,US 1930," "
Damon,M,US 1930," "
Dempsey,M,US 1930," "
Farris,M,US 1930," "
Gerold,M,US 1930," "
Gonzalo,M,US 1930," "
Harlen,M,US 1930," "
Humberto,M,US 1930," "
Jennings,M,US 1930," "
Maria,M,US 1930," "
Pierce,M,US 1930," "
Seth,M,US 1930," "
Beryl,M,US 1930," "
Brooks,M,US 1930," "
Burnell,M,US 1930," "
Cary,M,US 1930," "
Davey,M,US 1930," "
Ezekiel,M,US 1930," "
Garth,M,US 1930," "
Jorge,M,US 1930," "
Lavon,M,US 1930," "
Lynwood,M,US 1930," "
Oneal,M,US 1930," "
Silvio,M,US 1930," "
Arlan,M,US 1930," "
Dante,M,US 1930," "
Deane,M,US 1930," "
Hazel,M,US 1930," "
Hillard,M,US 1930," "
Hyman,M,US 1930," "
Lane,M,US 1930," "
Lenord,M,US 1930," "
Louise,M,US 1930," "
Refugio,M,US 1930," "
Rollie,M,US 1930," "
Winton,M,US 1930," "
Anna,M,US 1930," "
Christ,M,US 1930," "
Earlie,M,US 1930," "
Federico,M,US 1930," "
Garrett,M,US 1930," "
Johnson,M,US 1930," "
Joy,M,US 1930," "
Lawson,M,US 1930," "
Marco,M,US 1930," "
Nunzio,M,US 1930," "
Patricia,M,US 1930," "
Thad,M,US 1930," "
Turner,M,US 1930," "
Urban,M,US 1930," "
Alice,M,US 1930," "
Author,M,US 1930," "
Curtiss,M,US 1930," "
Dino,M,US 1930," "
Gustav,M,US 1930," "
Howell,M,US 1930," "
Ivy,M,US 1930," "
Judge,M,US 1930," "
Lenwood,M,US 1930," "
Richmond,M,US 1930," "
Rosevelt,M,US 1930," "
Sherwin,M,US 1930," "
Verlyn,M,US 1930," "
Adan,M,US 1930," "
Annie,M,US 1930," "
Clive,M,US 1930," "
Duwayne,M,US 1930," "
Evelyn,M,US 1930," "
Evert,M,US 1930," "
Hayden,M,US 1930," "
Madison,M,US 1930," "
Parker,M,US 1930," "
Johny,M,US 1930," "
Leamon,M,US 1930," "
Llewellyn,M,US 1930," "
Lonzo,M,US 1930," "
Melville,M,US 1930," "
Orland,M,US 1930," "
Otho,M,US 1930," "
Wally,M,US 1930," "
Webster,M,US 1930," "
Abner,M,US 1930," "
Allison,M,US 1930," "
Artie,M,US 1930," "
Artis,M,US 1930," "
Durwood,M,US 1930," "
Elizabeth,M,US 1930," "
Emmit,M,US 1930," "
Finis,M,US 1930," "
Florentino,M,US 1930," "
Hamilton,M,US 1930," "
Hosea,M,US 1930," "
Marcellus,M,US 1930," "
Ransom,M,US 1930," "
Rueben,M,US 1930," "
Thornton,M,US 1930," "
Benjiman,M,US 1930," "
Cameron,M,US 1930," "
Claire,M,US 1930," "
Ford,M,US 1930," "
Gaston,M,US 1930," "
Genaro,M,US 1930," "
Glenwood,M,US 1930," "
Hurley,M,US 1930," "
Jodie,M,US 1930," "
Marshal,M,US 1930," "
Mervyn,M,US 1930," "
Ione,F,US 1930," "
Philomena,F,US 1930," "
Rosalee,F,US 1930," "
Ardith,F,US 1930," "
Petra,F,US 1930," "
Althea,F,US 1930," "
Donald,F,US 1930," "
Nita,F,US 1930," "
Roma,F,US 1930," "
Birdie,F,US 1930," "
Retha,F,US 1930," "
Dorla,F,US 1930," "
Marylou,F,US 1930," "
Belva,F,US 1930," "
Francisca,F,US 1930," "
Isabell,F,US 1930," "
Reta,F,US 1930," "
Esperanza,F,US 1930," "
Millicent,F,US 1930," "
Wilhelmina,F,US 1930," "
Monica,F,US 1930," "
Oma,F,US 1930," "
Gene,F,US 1930," "
Gussie,F,US 1930," "
Rae,F,US 1930," "
Sonia,F,US 1930," "
Twila,F,US 1930," "
Billy,F,US 1930," "
Deborah,F,US 1930," "
Hallie,F,US 1930," "
Louisa,F,US 1930," "
Freida,F,US 1930," "
Phoebe,F,US 1930," "
Richard,F,US 1930," "
Verda,F,US 1930," "
Velda,F,US 1930," "
Verla,F,US 1930," "
Edythe,F,US 1930," "
Jeanine,F,US 1930," "
Lynn,F,US 1930," "
Rowena,F,US 1930," "
Minerva,F,US 1930," "
Vernell,F,US 1930," "
Manuela,F,US 1930," "
Camille,F,US 1930," "
Elda,F,US 1930," "
Enid,F,US 1930," "
Gay,F,US 1930," "
Leora,F,US 1930," "
Syble,F,US 1930," "
Noreen,F,US 1930," "
Carla,F,US 1930," "
Sophia,F,US 1930," "
Terry,F,US 1930," "
Doretha,F,US 1930," "
Billye,F,US 1930," "
Augusta,F,US 1930," "
Aurelia,F,US 1930," "
Tillie,F,US 1930," "
Germaine,F,US 1930," "
Gertie,F,US 1930," "
Shirlee,F,US 1930," "
Vilma,F,US 1930," "
Elisabeth,F,US 1930," "
Magdalene,F,US 1930," "
Andrea,F,US 1930," "
Arleen,F,US 1930," "
Hellen,F,US 1930," "
Joseph,F,US 1930," "
Ofelia,F,US 1930," "
Tina,F,US 1930," "
Ava,F,US 1930," "
Isabella,F,US 1930," "
Vernice,F,US 1930," "
Delma,F,US 1930," "
Lucinda,F,US 1930," "
Ursula,F,US 1930," "
Alvina,F,US 1930," "
Francine,F,US 1930," "
Gayle,F,US 1930," "
Laurel,F,US 1930," "
Pearline,F,US 1930," "
Charline,F,US 1930," "
Dovie,F,US 1930," "
Elise,F,US 1930," "
Madonna,F,US 1930," "
Marvel,F,US 1930," "
Socorro,F,US 1930," "
Valeria,F,US 1930," "
Elsa,F,US 1930," "
Lauretta,F,US 1930," "
Carlene,F,US 1930," "
Madeleine,F,US 1930," "
Alfreda,F,US 1930," "
Justine,F,US 1930," "
Roselyn,F,US 1930," "
Vida,F,US 1930," "
Erna,F,US 1930," "
Georgette,F,US 1930," "
Ladonna,F,US 1930," "
Lavon,F,US 1930," "
Leslie,F,US 1930," "
Lue,F,US 1930," "
Sammie,F,US 1930," "
Carolina,F,US 1930," "
Caryl,F,US 1930," "
Gerry,F,US 1930," "
Nan,F,US 1930," "
Rosalind,F,US 1930," "
Marilynn,F,US 1930," "
Elisa,F,US 1930," "
Lavern,F,US 1930," "
Thomas,F,US 1930," "
Dorotha,F,US 1930," "
Marceline,F,US 1930," "
Una,F,US 1930," "
Veda,F,US 1930," "
Yvette,F,US 1930," "
Lura,F,US 1930," "
Rhea,F,US 1930," "
Rubye,F,US 1930," "
Angelita,F,US 1930," "
Charmaine,F,US 1930," "
Fanny,F,US 1930," "
Peggie,F,US 1930," "
Darleen,F,US 1930," "
Lettie,F,US 1930," "
Ardeth,F,US 1930," "
Gearldine,F,US 1930," "
Harriette,F,US 1930," "
Alva,F,US 1930," "
Floy,F,US 1930," "
Idella,F,US 1930," "
Raquel,F,US 1930," "
Emilia,F,US 1930," "
Myrtis,F,US 1930," "
Treva,F,US 1930," "
Berta,F,US 1930," "
Bobbye,F,US 1930," "
Pattie,F,US 1930," "
Delois,F,US 1930," "
Vesta,F,US 1930," "
Adrienne,F,US 1930," "
Catalina,F,US 1930," "
Mozelle,F,US 1930," "
Paul,F,US 1930," "
Camilla,F,US 1930," "
Kitty,F,US 1930," "
Theodora,F,US 1930," "
Albertha,F,US 1930," "
Marianna,F,US 1930," "
Mina,F,US 1930," "
Oleta,F,US 1930," "
Adela,F,US 1930," "
Kate,F,US 1930," "
Zola,F,US 1930," "
Cassie,F,US 1930," "
Elvera,F,US 1930," "
Jeane,F,US 1930," "
Linnie,F,US 1930," "
Catharine,F,US 1930," "
Celestine,F,US 1930," "
Florene,F,US 1930," "
Carmelita,F,US 1930," "
Garnet,F,US 1930," "
Georgianna,F,US 1930," "
Ona,F,US 1930," "
Donnie,F,US 1930," "
Cherie,F,US 1930," "
Eleanora,F,US 1930," "
Jayne,F,US 1930," "
Johnie,F,US 1930," "
Margarette,F,US 1930," "
Nedra,F,US 1930," "
Agatha,F,US 1930," "
Larue,F,US 1930," "
Mayme,F,US 1930," "
Adell,F,US 1930," "
Edward,F,US 1930," "
Lona,F,US 1930," "
Ray,F,US 1930," "
Stephanie,F,US 1930," "
Tessie,F,US 1930," "
Theda,F,US 1930," "
Easter,F,US 1930," "
Georgiana,F,US 1930," "
Norine,F,US 1930," "
Karen,F,US 1930," "
Novella,F,US 1930," "
Ana,F,US 1930," "
Christene,F,US 1930," "
Jacquelin,F,US 1930," "
Katheryn,F,US 1930," "
Odell,F,US 1930," "
Celeste,F,US 1930," "
Darline,F,US 1930," "
Jeraldine,F,US 1930," "
Margot,F,US 1930," "
Maybelle,F,US 1930," "
Dale,F,US 1930," "
Daphne,F,US 1930," "
Ernestina,F,US 1930," "
Jeanie,F,US 1930," "
Ouida,F,US 1930," "
Susanne,F,US 1930," "
Wynona,F,US 1930," "
Blanch,F,US 1930," "
Clementine,F,US 1930," "
Dottie,F,US 1930," "
Artie,F,US 1930," "
Elida,F,US 1930," "
Henry,F,US 1930," "
Hortense,F,US 1930," "
Lavina,F,US 1930," "
Norene,F,US 1930," "
Carmel,F,US 1930," "
Cathryn,F,US 1930," "
Chloe,F,US 1930," "
Ivy,F,US 1930," "
Jeannie,F,US 1930," "
Magnolia,F,US 1930," "
Martina,F,US 1930," "
Mazie,F,US 1930," "
Meredith,F,US 1930," "
Pamela,F,US 1930," "
Willene,F,US 1930," "
Cecil,F,US 1930," "
Juliette,F,US 1930," "
Lovie,F,US 1930," "
Mickey,F,US 1930," "
Zora,F,US 1930," "
Alda,F,US 1930," "
Maryjane,F,US 1930," "
Cleta,F,US 1930," "
Elna,F,US 1930," "
Lina,F,US 1930," "
Sherry,F,US 1930," "
Arden,F,US 1930," "
Filomena,F,US 1930," "
Frank,F,US 1930," "
Lolita,F,US 1930," "
Magdalena,F,US 1930," "
Margarett,F,US 1930," "
Annetta,F,US 1930," "
Antonette,F,US 1930," "
Carroll,F,US 1930," "
Cordelia,F,US 1930," "
Verona,F,US 1930," "
Georgina,F,US 1930," "
Jack,F,US 1930," "
Marlyn,F,US 1930," "
Vergie,F,US 1930," "
Vonda,F,US 1930," "
Amalia,F,US 1930," "
David,F,US 1930," "
Kenneth,F,US 1930," "
Leone,F,US 1930," "
Nila,F,US 1930," "
Romona,F,US 1930," "
Toni,F,US 1930," "
Dominga,F,US 1930," "
Eugene,F,US 1930," "
Laverna,F,US 1930," "
Leonora,F,US 1930," "
Maryellen,F,US 1930," "
Maxie,F,US 1930," "
Alpha,F,US 1930," "
Beatriz,F,US 1930," "
Charleen,F,US 1930," "
Estell,F,US 1930," "
Ethelyn,F,US 1930," "
Walter,F,US 1930," "
Denise,F,US 1930," "
Evangelina,F,US 1930," "
Belle,F,US 1930," "
Concepcion,F,US 1930," "
Freeda,F,US 1930," "
Hortencia,F,US 1930," "
Nanette,F,US 1930," "
Crystal,F,US 1930," "
Doloris,F,US 1930," "
Eulalia,F,US 1930," "
Kathrine,F,US 1930," "
Neoma,F,US 1930," "
Arthur,F,US 1930," "
Audra,F,US 1930," "
Ira,F,US 1930," "
Jonnie,F,US 1930," "
Loyce,F,US 1930," "
Marilee,F,US 1930," "
Marilou,F,US 1930," "
Orpha,F,US 1930," "
Vernie,F,US 1930," "
Cherry,F,US 1930," "
Elease,F,US 1930," "
Eloisa,F,US 1930," "
Herminia,F,US 1930," "
Kattie,F,US 1930," "
Lawanda,F,US 1930," "
Merna,F,US 1930," "
Armida,F,US 1930," "
Dena,F,US 1930," "
Eve,F,US 1930," "
Felicia,F,US 1930," "
Romaine,F,US 1930," "
Abbie,F,US 1930," "
Benita,F,US 1930," "
Bernardine,F,US 1930," "
Bulah,F,US 1930," "
Lavada,F,US 1930," "
Sofia,F,US 1930," "
Dana,F,US 1930," "
Dorene,F,US 1930," "
Lea,F,US 1930," "
Marcelle,F,US 1930," "
Melvina,F,US 1930," "
Velva,F,US 1930," "
Dorcas,F,US 1930," "
Lyla,F,US 1930," "
Nova,F,US 1930," "
Palma,F,US 1930," "
Rosina,F,US 1930," "
Rubie,F,US 1930," "
Arvilla,F,US 1930," "
Beverlee,F,US 1930," "
Erlene,F,US 1930," "
Lita,F,US 1930," "
Myrtice,F,US 1930," "
Nathalie,F,US 1930," "
Patti,F,US 1930," "
Phylis,F,US 1930," "
Waneta,F,US 1930," "
Bernita,F,US 1930," "
Dianne,F,US 1930," "
Leonor,F,US 1930," "
Lilia,F,US 1930," "
Twyla,F,US 1930," "
Earl,F,US 1930," "
Era,F,US 1930," "
Georgene,F,US 1930," "
Ines,F,US 1930," "
Marge,F,US 1930," "
Maryanne,F,US 1930," "
Sonya,F,US 1930," "
Venita,F,US 1930," "
Willia,F,US 1930," "
Cathrine,F,US 1930," "
Coleen,F,US 1930," "
Lulu,F,US 1930," "
Marylin,F,US 1930," "
Rutha,F,US 1930," "
Sonja,F,US 1930," "
Tressie,F,US 1930," "
Zula,F,US 1930," "
Albina,F,US 1930," "
Annabell,F,US 1930," "
Ardella,F,US 1930," "
Elois,F,US 1930," "
Evie,F,US 1930," "
Mittie,F,US 1930," "
Almeda,F,US 1930," "
Delphia,F,US 1930," "
Harold,F,US 1930," "
Marva,F,US 1930," "
Maud,F,US 1930," "
Nada,F,US 1930," "
Naoma,F,US 1930," "
Eldora,F,US 1930," "
Estela,F,US 1930," "
Evalyn,F,US 1930," "
Imelda,F,US 1930," "
Joycelyn,F,US 1930," "
Joye,F,US 1930," "
Laquita,F,US 1930," "
Lonnie,F,US 1930," "
Lucretia,F,US 1930," "
Santa,F,US 1930," "
Vincenza,F,US 1930," "
Adella,F,US 1930," "
Aida,F,US 1930," "
Aletha,F,US 1930," "
Annamae,F,US 1930," "
Elmira,F,US 1930," "
Emilie,F,US 1930," "
Ferne,F,US 1930," "
Idell,F,US 1930," "
Jocelyn,F,US 1930," "
Nella,F,US 1930," "
Rosaline,F,US 1930," "
Colette,F,US 1930," "
Elayne,F,US 1930," "
Adelina,F,US 1930," "
Alvera,F,US 1930," "
Clyde,F,US 1930," "
Dorine,F,US 1930," "
Erlinda,F,US 1930," "
Esta,F,US 1930," "
Hettie,F,US 1930," "
Julianne,F,US 1930," "
Laurie,F,US 1930," "
Lavera,F,US 1930," "
Libby,F,US 1930," "
Luvenia,F,US 1930," "
Lyda,F,US 1930," "
Roseann,F,US 1930," "
Winnifred,F,US 1930," "
Anastasia,F,US 1930," "
Bella,F,US 1930," "
Berneice,F,US 1930," "
Letitia,F,US 1930," "
Luz,F,US 1930," "
Nannette,F,US 1930," "
Ossie,F,US 1930," "
Rachael,F,US 1930," "
Rozella,F,US 1930," "
Vivienne,F,US 1930," "
Brenda,F,US 1930," "
Dean,F,US 1930," "
Delilah,F,US 1930," "
Earlean,F,US 1930," "
Inell,F,US 1930," "
Josefa,F,US 1930," "
Jovita,F,US 1930," "
Rosamond,F,US 1930," "
Velia,F,US 1930," "
Vina,F,US 1930," "
Annabel,F,US 1930," "
Bethel,F,US 1930," "
Concha,F,US 1930," "
Evelyne,F,US 1930," "
Jettie,F,US 1930," "
Noma,F,US 1930," "
Rosanna,F,US 1930," "
Viva,F,US 1930," "
Corene,F,US 1930," "
Cruz,F,US 1930," "
Elizebeth,F,US 1930," "
Leatha,F,US 1930," "
Margo,F,US 1930," "
Mozell,F,US 1930," "
Zona,F,US 1930," "
Albert,F,US 1930," "
Claudette,F,US 1930," "
Emmie,F,US 1930," "
Jan,F,US 1930," "
Jeanetta,F,US 1930," "
Lennie,F,US 1930," "
Arla,F,US 1930," "
Audry,F,US 1930," "
Carl,F,US 1930," "
Charlsie,F,US 1930," "
Claudie,F,US 1930," "
Marylyn,F,US 1930," "
Myrtie,F,US 1930," "
Raymond,F,US 1930," "
Vita,F,US 1930," "
Arletta,F,US 1930," "
Bettylou,F,US 1930," "
Bridget,F,US 1930," "
Carma,F,US 1930," "
Christeen,F,US 1930," "
Golda,F,US 1930," "
Hazle,F,US 1930," "
Jill,F,US 1930," "
Madaline,F,US 1930," "
Mitzi,F,US 1930," "
Oralia,F,US 1930," "
Patrica,F,US 1930," "
Prudence,F,US 1930," "
Versie,F,US 1930," "
Cathleen,F,US 1930," "
Clarabelle,F,US 1930," "
Lida,F,US 1930," "
Louvenia,F,US 1930," "
Margy,F,US 1930," "
Ocie,F,US 1930," "
Octavia,F,US 1930," "
Sudie,F,US 1930," "
Trinidad,F,US 1930," "
Vivien,F,US 1930," "
Willodean,F,US 1930," "
Ethelene,F,US 1930," "
Georgetta,F,US 1930," "
Herlinda,F,US 1930," "
Luisa,F,US 1930," "
Melissa,F,US 1930," "
Roy,F,US 1930," "
Susanna,F,US 1930," "
Tomasa,F,US 1930," "
Trudy,F,US 1930," "
Verdell,F,US 1930," "
Altha,F,US 1930," "
Delpha,F,US 1930," "
Eartha,F,US 1930," "
Eda,F,US 1930," "
Elenora,F,US 1930," "
Ellie,F,US 1930," "
Jamie,F,US 1930," "
Rosia,F,US 1930," "
Theo,F,US 1930," "