Garcia,US Latino
Rodriguez,US Latino
Martinez,US Latino
Hernandez,US Latino
Lopez,US Latino
Gonzalez,US Latino
Perez,US Latino
Sanchez,US Latino
Ramirez,US Latino
Torres,US Latino
Flores,US Latino
Rivera,US Latino
Gomez,US Latino
Diaz,US Latino
Reyes,US Latino
Morales,US Latino
Cruz,US Latino
Ortiz,US Latino
Gutierrez,US Latino
Chavez,US Latino
Ramos,US Latino
Gonzales,US Latino
Ruiz,US Latino
Alvarez,US Latino
Mendoza,US Latino
Vasquez,US Latino
Castillo,US Latino
Jimenez,US Latino
Moreno,US Latino
Romero,US Latino
Herrera,US Latino
Medina,US Latino
Aguilar,US Latino
Garza,US Latino
Castro,US Latino
Vargas,US Latino
Fernandez,US Latino
Guzman,US Latino
Munoz,US Latino
Mendez,US Latino
Salazar,US Latino
Soto,US Latino
Delgado,US Latino
Pena,US Latino
Rios,US Latino
Alvarado,US Latino
Sandoval,US Latino
Contreras,US Latino
Valdez,US Latino
Guerrero,US Latino
Ortega,US Latino
Estrada,US Latino
Nunez,US Latino
Maldonado,US Latino
Vega,US Latino
Vazquez,US Latino
Santiago,US Latino
Dominguez,US Latino
Espinoza,US Latino
Silva,US Latino
Padilla,US Latino
Marquez,US Latino
Cortez,US Latino
Rojas,US Latino
Acosta,US Latino
Figueroa,US Latino
Luna,US Latino
Juarez,US Latino
Navarro,US Latino
Campos,US Latino
Molina,US Latino
Avila,US Latino
Ayala,US Latino
Mejia,US Latino
Carrillo,US Latino
Duran,US Latino
Santos,US Latino
Salinas,US Latino
Robles,US Latino
Solis,US Latino
Lara,US Latino
Cervantes,US Latino
Aguirre,US Latino
Deleon,US Latino
Ochoa,US Latino
Miranda,US Latino
Cardenas,US Latino
Trujillo,US Latino
Velasquez,US Latino
Fuentes,US Latino
Cabrera,US Latino
Leon,US Latino
Rivas,US Latino
Montoya,US Latino
Calderon,US Latino
Colon,US Latino
Serrano,US Latino
Gallegos,US Latino
Rosales,US Latino
Castaneda,US Latino
Villarreal,US Latino
Guerra,US Latino
Trevino,US Latino
Pacheco,US Latino
Ibarra,US Latino
Valencia,US Latino
Macias,US Latino
Camacho,US Latino
Salas,US Latino
Orozco,US Latino
Roman,US Latino
Zamora,US Latino
Suarez,US Latino
Franco,US Latino
Barrera,US Latino
Mercado,US Latino
Santana,US Latino
Valenzuela,US Latino
Escobar,US Latino
Rangel,US Latino
Melendez,US Latino
Velez,US Latino
Lozano,US Latino
Velazquez,US Latino
Smith,US Latino
Arias,US Latino
Mora,US Latino
Delacruz,US Latino
Galvan,US Latino
Zuniga,US Latino
Cantu,US Latino
Villanueva,US Latino
Meza,US Latino
Acevedo,US Latino
Cisneros,US Latino
Arroyo,US Latino
Pineda,US Latino
Andrade,US Latino
Tapia,US Latino
Sosa,US Latino
Villa,US Latino
Rocha,US Latino
Rubio,US Latino
Zavala,US Latino
Montes,US Latino
Ponce,US Latino
Bonilla,US Latino
Arellano,US Latino
Rosario,US Latino
Davila,US Latino
Villegas,US Latino
Huerta,US Latino
Mata,US Latino
Beltran,US Latino
Barajas,US Latino
Benitez,US Latino
Esparza,US Latino
Cordova,US Latino
Murillo,US Latino
Salgado,US Latino
Rosas,US Latino
Cuevas,US Latino
Palacios,US Latino
Guevara,US Latino
Quintero,US Latino
Johnson,US Latino
Lucero,US Latino
Medrano,US Latino
Bautista,US Latino
Martin,US Latino
Lugo,US Latino
Dejesus,US Latino
Espinosa,US Latino
Marin,US Latino
Cortes,US Latino
Magana,US Latino
Quintana,US Latino
Corona,US Latino
Trejo,US Latino
Bernal,US Latino
Nieves,US Latino
Villalobos,US Latino
Enriquez,US Latino
Reyna,US Latino
Jaramillo,US Latino
Saenz,US Latino
Quinones,US Latino
Delarosa,US Latino
Avalos,US Latino
Esquivel,US Latino
Williams,US Latino
Nava,US Latino
Cano,US Latino
Bravo,US Latino
Duarte,US Latino
Galindo,US Latino
Correa,US Latino
Parra,US Latino
Rodriquez,US Latino
Saldana,US Latino
Leal,US Latino
Sierra,US Latino
Blanco,US Latino
Becerra,US Latino
Brown,US Latino
Carrasco,US Latino
Portillo,US Latino
Tovar,US Latino
Alfaro,US Latino
Vera,US Latino
Zapata,US Latino
Muniz,US Latino
Cardona,US Latino
Vigil,US Latino
Saucedo,US Latino
Baez,US Latino
Hurtado,US Latino
Amaya,US Latino
Escobedo,US Latino
Peralta,US Latino
Arredondo,US Latino
Aguilera,US Latino
Zepeda,US Latino
Rosado,US Latino
Hinojosa,US Latino
Renteria,US Latino
Gallardo,US Latino
Barrios,US Latino
Felix,US Latino
Castellanos,US Latino
Baca,US Latino
Segura,US Latino
Jones,US Latino
Guillen,US Latino
Cordero,US Latino
Chacon,US Latino
Valle,US Latino
Coronado,US Latino
Delatorre,US Latino
Vela,US Latino
Moran,US Latino
Alonso,US Latino
Velasco,US Latino
Madrigal,US Latino
Carranza,US Latino
Quiroz,US Latino
Romo,US Latino
Madrid,US Latino
Montano,US Latino
Serna,US Latino
Ybarra,US Latino
Caballero,US Latino
Burgos,US Latino
Ventura,US Latino
Olvera,US Latino
Rosa,US Latino
Varela,US Latino
Leyva,US Latino
Quezada,US Latino
Bermudez,US Latino
Benavides,US Latino
Aragon,US Latino
Aviles,US Latino
Uribe,US Latino
Davis,US Latino
Pagan,US Latino
Paredes,US Latino
Osorio,US Latino
Yanez,US Latino
Nieto,US Latino
Carmona,US Latino
Granados,US Latino
Gil,US Latino
Montalvo,US Latino
Casillas,US Latino
Lujan,US Latino
Bustamante,US Latino
Miller,US Latino
Rico,US Latino
Barron,US Latino
Anaya,US Latino
Ornelas,US Latino
Olivares,US Latino
Canales,US Latino
Gamez,US Latino
Cuellar,US Latino
Lemus,US Latino
Prado,US Latino
Barragan,US Latino
Paz,US Latino
Pina,US Latino
Reynoso,US Latino
Valadez,US Latino
Navarrete,US Latino
Otero,US Latino
Aleman,US Latino
Marrero,US Latino
Olivas,US Latino
Ojeda,US Latino
Arevalo,US Latino
Fonseca,US Latino
Quintanilla,US Latino
Solano,US Latino
Escamilla,US Latino
Feliciano,US Latino
Tellez,US Latino
Sepulveda,US Latino
Orellana,US Latino
Arreola,US Latino
Betancourt,US Latino
Carbajal,US Latino
Amador,US Latino
Sotelo,US Latino
Hidalgo,US Latino
Ocampo,US Latino
Rendon,US Latino
Venegas,US Latino
Negron,US Latino
Banuelos,US Latino
Wilson,US Latino
Patino,US Latino
Cavazos,US Latino
Torrez,US Latino
Matos,US Latino
Casas,US Latino
Godinez,US Latino
Valdes,US Latino
Longoria,US Latino
Ledesma,US Latino
Alaniz,US Latino
Aranda,US Latino
Prieto,US Latino
Vallejo,US Latino
Polanco,US Latino
Zarate,US Latino
Pulido,US Latino
Arce,US Latino
Barraza,US Latino
Mena,US Latino
Alonzo,US Latino
Gamboa,US Latino
Arteaga,US Latino
Escalante,US Latino
Valentin,US Latino
Galvez,US Latino
Brito,US Latino
Cerda,US Latino
Zaragoza,US Latino
Nevarez,US Latino
Chavarria,US Latino
Saldivar,US Latino
Corral,US Latino
Saavedra,US Latino
Anderson,US Latino
Marroquin,US Latino
Chapa,US Latino
Mireles,US Latino
Crespo,US Latino
Arriaga,US Latino
Covarrubias,US Latino
Salcedo,US Latino
Holguin,US Latino
Moya,US Latino
Alcala,US Latino
Linares,US Latino
Heredia,US Latino
Thomas,US Latino
Ceja,US Latino
Barrientos,US Latino
Aponte,US Latino
Taylor,US Latino
Montanez,US Latino
Najera,US Latino
Rodrigues,US Latino
Cornejo,US Latino
Alarcon,US Latino
Ontiveros,US Latino
Anguiano,US Latino
Soriano,US Latino
Pimentel,US Latino
Elizondo,US Latino
Zambrano,US Latino
Rincon,US Latino
Mondragon,US Latino
Cazares,US Latino
Robledo,US Latino
Acuna,US Latino
Bueno,US Latino
Bustos,US Latino
Adame,US Latino
Balderas,US Latino
Delossantos,US Latino
Toledo,US Latino
Valdivia,US Latino
Naranjo,US Latino
Perales,US Latino
Delgadillo,US Latino
Puente,US Latino
Frias,US Latino
Vidal,US Latino
Moore,US Latino
Thompson,US Latino
Guajardo,US Latino
Negrete,US Latino
Collazo,US Latino
Abreu,US Latino
Ceballos,US Latino
Jaimes,US Latino
Batista,US Latino
Irizarry,US Latino
Jackson,US Latino
Espinal,US Latino
Carrera,US Latino
Tamayo,US Latino
Pantoja,US Latino
Oliva,US Latino
White,US Latino
Espino,US Latino
Benavidez,US Latino
Ordonez,US Latino
Noriega,US Latino
Almanza,US Latino
Urbina,US Latino
Limon,US Latino
Gaytan,US Latino
Montero,US Latino
Archuleta,US Latino
Armenta,US Latino
Banda,US Latino
Farias,US Latino
Tejeda,US Latino
Mojica,US Latino
Fierro,US Latino
Solorzano,US Latino
Villasenor,US Latino
Mesa,US Latino
Mares,US Latino
Tirado,US Latino
Lira,US Latino
Aguayo,US Latino
Lerma,US Latino
Argueta,US Latino
Palma,US Latino
Jaime,US Latino
Aquino,US Latino
Alicea,US Latino
Clark,US Latino
Soria,US Latino
Solorio,US Latino
Jasso,US Latino
Valles,US Latino
Garibay,US Latino
Cintron,US Latino
Centeno,US Latino
Preciado,US Latino
Loera,US Latino
Machado,US Latino
Henriquez,US Latino
Briones,US Latino
Armendariz,US Latino
Giron,US Latino
Lomeli,US Latino
Caraballo,US Latino
Elias,US Latino
Berrios,US Latino
Barbosa,US Latino
Garay,US Latino
Tejada,US Latino
Harris,US Latino
Loya,US Latino
Angulo,US Latino
Regalado,US Latino
Apodaca,US Latino
Mota,US Latino
Duenas,US Latino
Jauregui,US Latino
Segovia,US Latino
Robinson,US Latino
Ulloa,US Latino
Araujo,US Latino
Monroy,US Latino
Roldan,US Latino
Porras,US Latino
Padron,US Latino
Cadena,US Latino
Vergara,US Latino
Lewis,US Latino
Alcantar,US Latino
Delagarza,US Latino
Ferrer,US Latino
Delvalle,US Latino
Munguia,US Latino
Fajardo,US Latino
Pedraza,US Latino
Santillan,US Latino
Lee,US Latino
Razo,US Latino
Aparicio,US Latino
Walker,US Latino
Cabral,US Latino
Carlos,US Latino
Angel,US Latino
Salcido,US Latino
Quinonez,US Latino
Roque,US Latino
Sauceda,US Latino
Young,US Latino
Estrella,US Latino
Falcon,US Latino
Carreon,US Latino
Briseno,US Latino
Florez,US Latino
Llamas,US Latino
Cepeda,US Latino
Olivarez,US Latino
Camarena,US Latino
Altamirano,US Latino
Ruelas,US Latino
Botello,US Latino
Resendez,US Latino
Urena,US Latino
Millan,US Latino
Alba,US Latino
Perea,US Latino
Allen,US Latino
Ruvalcaba,US Latino
Sifuentes,US Latino
Pedroza,US Latino
Ramon,US Latino
Terrazas,US Latino
Corrales,US Latino
Guardado,US Latino
Alcaraz,US Latino
Resendiz,US Latino
Montiel,US Latino
Menendez,US Latino
Soliz,US Latino
Caceres,US Latino
Almonte,US Latino
Adams,US Latino
Amaro,US Latino
Villareal,US Latino
Lorenzo,US Latino
Galarza,US Latino
Zelaya,US Latino
Camarillo,US Latino
Bolanos,US Latino
Arenas,US Latino
Jacobo,US Latino
Montez,US Latino
Villagomez,US Latino
Godoy,US Latino
Zamudio,US Latino
Landeros,US Latino
Curiel,US Latino
Alanis,US Latino
King,US Latino
Serrato,US Latino
Aceves,US Latino
Ocasio,US Latino
Narvaez,US Latino
Tafoya,US Latino
Green,US Latino
Scott,US Latino
Ambriz,US Latino
Larios,US Latino
Orosco,US Latino
Carrion,US Latino
Valladares,US Latino
Estevez,US Latino
Montenegro,US Latino
Nino,US Latino
Pichardo,US Latino
Nelson,US Latino
Tello,US Latino
Hernandes,US Latino
Lebron,US Latino
Bello,US Latino
Paez,US Latino
Olguin,US Latino
Tijerina,US Latino
Manzo,US Latino
Martines,US Latino
Toro,US Latino
Calvillo,US Latino
Iglesias,US Latino
Echevarria,US Latino
Trinidad,US Latino
Hill,US Latino
Rivero,US Latino
Cedillo,US Latino
Lazo,US Latino
Wright,US Latino
Griego,US Latino
Hall,US Latino
Lucio,US Latino
Valerio,US Latino
Maciel,US Latino
Baltazar,US Latino
Paniagua,US Latino
Sanches,US Latino
Deluna,US Latino
Delrio,US Latino
Mateo,US Latino
Viera,US Latino
Olmos,US Latino
Infante,US Latino
Miramontes,US Latino
Partida,US Latino
Olivo,US Latino
Maestas,US Latino
Rojo,US Latino
Barba,US Latino
Mayorga,US Latino
Rodarte,US Latino
Concepcion,US Latino
Tavarez,US Latino
Iniguez,US Latino
Merino,US Latino
Palomino,US Latino
Badillo,US Latino
Pardo,US Latino
Aldana,US Latino
Armijo,US Latino
Gaona,US Latino
Ledezma,US Latino
Taveras,US Latino
Deanda,US Latino
Cedeno,US Latino
Mosqueda,US Latino
Santamaria,US Latino
Valdovinos,US Latino
Chavira,US Latino
Maya,US Latino
Jurado,US Latino
Campbell,US Latino
Avina,US Latino
Pereira,US Latino
Bahena,US Latino
Loza,US Latino
Sarmiento,US Latino
Baker,US Latino
Ballesteros,US Latino
Gracia,US Latino
Tinoco,US Latino
Mariscal,US Latino
Perdomo,US Latino
Mendiola,US Latino
Mitchell,US Latino
Rueda,US Latino
Menchaca,US Latino
Sanabria,US Latino
Baeza,US Latino
Montelongo,US Latino
Alfonso,US Latino
Candelaria,US Latino
Cota,US Latino
Morin,US Latino
Tamez,US Latino
Arguello,US Latino
Rodas,US Latino
Cardoza,US Latino
Barreto,US Latino
Echeverria,US Latino
Valverde,US Latino
Collado,US Latino
Arana,US Latino
Nolasco,US Latino
Roberts,US Latino
Carvajal,US Latino
Paulino,US Latino
Madera,US Latino
Meraz,US Latino
Camargo,US Latino
Pinto,US Latino
Islas,US Latino
Magallanes,US Latino
Plascencia,US Latino
Villalpando,US Latino
Barela,US Latino
Quesada,US Latino
Alcantara,US Latino
Santoyo,US Latino
Jordan,US Latino
Angeles,US Latino
Lovato,US Latino
Ramires,US Latino
Frausto,US Latino
Sarabia,US Latino
Lozada,US Latino
Zayas,US Latino
Phillips,US Latino
Francisco,US Latino
Jaquez,US Latino
Lima,US Latino
Carter,US Latino
Palacio,US Latino
Cartagena,US Latino
Manriquez,US Latino
Samaniego,US Latino
Pelayo,US Latino
Montemayor,US Latino
Villatoro,US Latino
Jara,US Latino
Santacruz,US Latino
Moncada,US Latino
Casarez,US Latino
Abarca,US Latino
Grijalva,US Latino
Morris,US Latino
Magdaleno,US Latino
Urias,US Latino
Puentes,US Latino
Pino,US Latino
Conde,US Latino
Matias,US Latino
Almaraz,US Latino
Vaca,US Latino
Evans,US Latino
Casanova,US Latino
Gaitan,US Latino
Teran,US Latino
Orta,US Latino
Rogers,US Latino
Zamarripa,US Latino
Osuna,US Latino
Edwards,US Latino
Restrepo,US Latino
Oviedo,US Latino
Quiles,US Latino
Morgan,US Latino
Marte,US Latino
Collins,US Latino
Castellon,US Latino
Roybal,US Latino
Ovalle,US Latino
Borrego,US Latino
Velarde,US Latino
Castanon,US Latino
Deltoro,US Latino
Palomo,US Latino
Quevedo,US Latino
Haro,US Latino
Galicia,US Latino
Favela,US Latino
Bazan,US Latino
Stewart,US Latino
Leiva,US Latino
Parada,US Latino
Loredo,US Latino
Barahona,US Latino
Ordaz,US Latino
Carrasquillo,US Latino
Posada,US Latino
Caldera,US Latino
Manzano,US Latino
Bocanegra,US Latino
Abrego,US Latino
Mancilla,US Latino
Araiza,US Latino
Verdugo,US Latino
Amezcua,US Latino
Talavera,US Latino
Raya,US Latino
Ferreira,US Latino
Alejandro,US Latino
Galan,US Latino
Gurrola,US Latino
Ibanez,US Latino
Melgar,US Latino
Buenrostro,US Latino
Arriola,US Latino
Servin,US Latino
Pabon,US Latino
Olivera,US Latino
Ascencio,US Latino
Ozuna,US Latino
Puga,US Latino
James,US Latino
Pizarro,US Latino
Parker,US Latino
Oropeza,US Latino
Muro,US Latino
Monge,US Latino
Turner,US Latino
Davalos,US Latino
Veliz,US Latino
Tenorio,US Latino
Desantiago,US Latino
Sevilla,US Latino
Bejarano,US Latino
Verduzco,US Latino
Cotto,US Latino
Murphy,US Latino
Menjivar,US Latino
Arango,US Latino
Manzanares,US Latino
Pinon,US Latino
Melchor,US Latino
Delafuente,US Latino
Duque,US Latino
Pinedo,US Latino
Leija,US Latino
Lucas,US Latino
Nuno,US Latino
Gastelum,US Latino
Michel,US Latino
Carrizales,US Latino
Galaviz,US Latino
Abeyta,US Latino
Kelly,US Latino
Vanegas,US Latino
Urrutia,US Latino
Lagunas,US Latino
Lizarraga,US Latino
Avelar,US Latino
Palomares,US Latino
Escalera,US Latino
Orona,US Latino
Hermosillo,US Latino
Huizar,US Latino
Rascon,US Latino
Andino,US Latino
Giraldo,US Latino
Richardson,US Latino
Nazario,US Latino
Luevano,US Latino
Salvador,US Latino
Dimas,US Latino
Garrido,US Latino
Medellin,US Latino
Riojas,US Latino
Peterson,US Latino
Aguero,US Latino
Tobar,US Latino
Alexander,US Latino
Claudio,US Latino
Delao,US Latino
Yepez,US Latino
Chairez,US Latino
Leos,US Latino
Machuca,US Latino
Salmeron,US Latino
Almaguer,US Latino
Lora,US Latino
Vicente,US Latino
Cook,US Latino
Barboza,US Latino
Bustillos,US Latino
Toscano,US Latino
Garces,US Latino
Ward,US Latino
Coronel,US Latino
Cooper,US Latino
Meneses,US Latino
Esqueda,US Latino
Quiroga,US Latino
Luis,US Latino
Luciano,US Latino
Alvarenga,US Latino
Arreguin,US Latino
Chaparro,US Latino
Bell,US Latino
Arvizu,US Latino
Carreno,US Latino
Viramontes,US Latino
Rizo,US Latino
Antonio,US Latino
Sena,US Latino
Caban,US Latino
Arambula,US Latino
Moralez,US Latino
Garduno,US Latino
Payan,US Latino
Gaspar,US Latino
Obregon,US Latino
Tarango,US Latino
Ross,US Latino
Balderrama,US Latino
Rolon,US Latino
Gonsalez,US Latino
Penaloza,US Latino
Gudino,US Latino
Landa,US Latino
Rubalcava,US Latino
Esquibel,US Latino
Carpio,US Latino
Wood,US Latino
Bedolla,US Latino
Howard,US Latino
Rey,US Latino
Bennett,US Latino
Alegria,US Latino
Bojorquez,US Latino
Turcios,US Latino
Oceguera,US Latino
Castellano,US Latino
Almeida,US Latino
Lopes,US Latino
Dias,US Latino
Izquierdo,US Latino
Brooks,US Latino
Barcenas,US Latino
Albarran,US Latino
Alva,US Latino
Agosto,US Latino
Sanders,US Latino
Oquendo,US Latino
Reed,US Latino
Reza,US Latino
Macedo,US Latino
Cardoso,US Latino
Mandujano,US Latino
Cox,US Latino
Bailey,US Latino
Sanmiguel,US Latino
Chaves,US Latino
Watson,US Latino
Recinos,US Latino
Monreal,US Latino
Garnica,US Latino
Laboy,US Latino
Castrejon,US Latino
Perry,US Latino
Delapaz,US Latino
Cervantez,US Latino
Miguel,US Latino
Granado,US Latino
Foster,US Latino
Izaguirre,US Latino
Charles,US Latino
Melgoza,US Latino
Montesdeoca,US Latino
Malave,US Latino
Peres,US Latino
Fabian,US Latino
Oliver,US Latino
Gray,US Latino
Dorado,US Latino
Peraza,US Latino
Duron,US Latino
Cerna,US Latino
Grimaldo,US Latino
Gurule,US Latino
Caro,US Latino
Campa,US Latino
Berumen,US Latino
Lechuga,US Latino
Castano,US Latino
Calvo,US Latino
Hughes,US Latino
Lazaro,US Latino
Marmolejo,US Latino
Talamantes,US Latino
Sorto,US Latino
Gallo,US Latino
Encarnacion,US Latino
Burciaga,US Latino
Zendejas,US Latino
Umana,US Latino
Moreira,US Latino
Roa,US Latino
Olmedo,US Latino
Catalan,US Latino
Elizalde,US Latino
Magallon,US Latino
Gomes,US Latino
Saiz,US Latino
Saravia,US Latino
Colin,US Latino
Sisneros,US Latino
Sullivan,US Latino
Cifuentes,US Latino
Russell,US Latino
Gallego,US Latino
Veloz,US Latino
Govea,US Latino
Chaidez,US Latino
Telles,US Latino
Pelaez,US Latino
Simon,US Latino
Almazan,US Latino
Cosme,US Latino
Pizano,US Latino
Suazo,US Latino
Palafox,US Latino
Barriga,US Latino
Ahumada,US Latino
Armas,US Latino
Casiano,US Latino
Fregoso,US Latino
Guadarrama,US Latino
Aguila,US Latino
Guadalupe,US Latino
Henderson,US Latino
Soler,US Latino
Borges,US Latino
Sigala,US Latino
Cobos,US Latino
Alvares,US Latino
